"ANO","NIVEL","CODMUNRES","IDHM_A","IDHM_CA","IDHM_CA_M","IDHM_CA_F"
2010,"UF",29,0.701,0.66,0.623,0.697
2010,"MUNICIPIO",2900108,NA,0.603,NA,NA
2010,"MUNICIPIO",2900207,NA,0.575,NA,NA
2010,"MUNICIPIO",2900306,NA,0.582,NA,NA
2010,"MUNICIPIO",2900355,NA,0.546,NA,NA
2010,"MUNICIPIO",2900405,NA,0.55,NA,NA
2010,"MUNICIPIO",2900603,NA,0.583,NA,NA
2010,"MUNICIPIO",2900702,NA,0.683,NA,NA
2010,"MUNICIPIO",2900801,NA,0.608,NA,NA
2010,"MUNICIPIO",2900900,NA,0.563,NA,NA
2010,"MUNICIPIO",2901007,NA,0.625,NA,NA
2010,"MUNICIPIO",2901106,NA,0.666,NA,NA
2010,"MUNICIPIO",2901155,NA,0.561,NA,NA
2010,"MUNICIPIO",2901205,NA,0.54,NA,NA
2010,"MUNICIPIO",2901304,NA,0.555,NA,NA
2010,"MUNICIPIO",2901353,NA,0.588,NA,NA
2010,"MUNICIPIO",2901403,NA,0.625,NA,NA
2010,"MUNICIPIO",2901502,NA,0.589,NA,NA
2010,"MUNICIPIO",2901601,NA,0.592,NA,NA
2010,"MUNICIPIO",2901700,NA,0.561,NA,NA
2010,"MUNICIPIO",2901809,NA,0.598,NA,NA
2010,"MUNICIPIO",2901908,NA,0.548,NA,NA
2010,"MUNICIPIO",2901957,NA,0.552,NA,NA
2010,"MUNICIPIO",2902054,NA,0.57,NA,NA
2010,"MUNICIPIO",2902005,NA,0.581,NA,NA
2010,"MUNICIPIO",2902104,NA,0.534,NA,NA
2010,"MUNICIPIO",2902203,NA,0.588,NA,NA
2010,"MUNICIPIO",2902252,NA,0.559,NA,NA
2010,"MUNICIPIO",2902302,NA,0.575,NA,NA
2010,"MUNICIPIO",2902401,NA,0.568,NA,NA
2010,"MUNICIPIO",2902500,NA,0.589,NA,NA
2010,"MUNICIPIO",2902609,NA,0.585,NA,NA
2010,"MUNICIPIO",2902658,NA,0.579,NA,NA
2010,"MUNICIPIO",2902708,NA,0.557,NA,NA
2010,"MUNICIPIO",2902807,NA,0.575,NA,NA
2010,"MUNICIPIO",2902906,NA,0.551,NA,NA
2010,"MUNICIPIO",2903003,NA,0.63,NA,NA
2010,"MUNICIPIO",2903102,NA,0.577,NA,NA
2010,"MUNICIPIO",2903201,NA,0.721,NA,NA
2010,"MUNICIPIO",2903235,NA,0.607,NA,NA
2010,"MUNICIPIO",2903300,NA,0.602,NA,NA
2010,"MUNICIPIO",2903276,NA,0.61,NA,NA
2010,"MUNICIPIO",2903409,NA,0.705,NA,NA
2010,"MUNICIPIO",2903508,NA,0.575,NA,NA
2010,"MUNICIPIO",2903607,NA,0.538,NA,NA
2010,"MUNICIPIO",2903706,NA,0.567,NA,NA
2010,"MUNICIPIO",2903805,NA,0.551,NA,NA
2010,"MUNICIPIO",2903904,NA,0.633,NA,NA
2010,"MUNICIPIO",2903953,NA,0.546,NA,NA
2010,"MUNICIPIO",2904001,NA,0.612,NA,NA
2010,"MUNICIPIO",2904050,NA,0.561,NA,NA
2010,"MUNICIPIO",2904100,NA,0.603,NA,NA
2010,"MUNICIPIO",2904209,NA,0.575,NA,NA
2010,"MUNICIPIO",2904308,NA,0.597,NA,NA
2010,"MUNICIPIO",2904407,NA,0.592,NA,NA
2010,"MUNICIPIO",2904506,NA,0.57,NA,NA
2010,"MUNICIPIO",2904605,NA,0.656,NA,NA
2010,"MUNICIPIO",2904704,NA,0.613,NA,NA
2010,"MUNICIPIO",2904753,NA,0.565,NA,NA
2010,"MUNICIPIO",2904803,NA,0.561,NA,NA
2010,"MUNICIPIO",2904852,NA,0.581,NA,NA
2010,"MUNICIPIO",2904902,NA,0.647,NA,NA
2010,"MUNICIPIO",2905008,NA,0.637,NA,NA
2010,"MUNICIPIO",2905107,NA,0.546,NA,NA
2010,"MUNICIPIO",2905156,NA,0.542,NA,NA
2010,"MUNICIPIO",2905206,NA,0.625,NA,NA
2010,"MUNICIPIO",2905305,NA,0.584,NA,NA
2010,"MUNICIPIO",2905404,NA,0.627,NA,NA
2010,"MUNICIPIO",2905503,NA,0.573,NA,NA
2010,"MUNICIPIO",2905602,NA,0.581,NA,NA
2010,"MUNICIPIO",2905701,NA,0.694,NA,NA
2010,"MUNICIPIO",2905800,NA,0.565,NA,NA
2010,"MUNICIPIO",2905909,NA,0.557,NA,NA
2010,"MUNICIPIO",2906006,NA,0.586,NA,NA
2010,"MUNICIPIO",2906105,NA,0.565,NA,NA
2010,"MUNICIPIO",2906204,NA,0.693,NA,NA
2010,"MUNICIPIO",2906303,NA,0.59,NA,NA
2010,"MUNICIPIO",2906402,NA,0.587,NA,NA
2010,"MUNICIPIO",2906501,NA,0.678,NA,NA
2010,"MUNICIPIO",2906600,NA,0.591,NA,NA
2010,"MUNICIPIO",2906709,NA,0.601,NA,NA
2010,"MUNICIPIO",2906808,NA,0.557,NA,NA
2010,"MUNICIPIO",2906824,NA,0.562,NA,NA
2010,"MUNICIPIO",2906857,NA,0.599,NA,NA
2010,"MUNICIPIO",2906873,NA,0.621,NA,NA
2010,"MUNICIPIO",2906899,NA,0.555,NA,NA
2010,"MUNICIPIO",2906907,NA,0.616,NA,NA
2010,"MUNICIPIO",2907004,NA,0.552,NA,NA
2010,"MUNICIPIO",2907103,NA,0.576,NA,NA
2010,"MUNICIPIO",2907202,NA,0.57,NA,NA
2010,"MUNICIPIO",2907301,NA,0.613,NA,NA
2010,"MUNICIPIO",2907400,NA,0.582,NA,NA
2010,"MUNICIPIO",2907509,NA,0.677,NA,NA
2010,"MUNICIPIO",2907558,NA,0.571,NA,NA
2010,"MUNICIPIO",2907608,NA,0.596,NA,NA
2010,"MUNICIPIO",2907707,NA,0.6,NA,NA
2010,"MUNICIPIO",2907806,NA,0.585,NA,NA
2010,"MUNICIPIO",2907905,NA,0.601,NA,NA
2010,"MUNICIPIO",2908002,NA,0.613,NA,NA
2010,"MUNICIPIO",2908101,NA,0.596,NA,NA
2010,"MUNICIPIO",2908200,NA,0.634,NA,NA
2010,"MUNICIPIO",2908309,NA,0.606,NA,NA
2010,"MUNICIPIO",2908408,NA,0.611,NA,NA
2010,"MUNICIPIO",2908507,NA,0.663,NA,NA
2010,"MUNICIPIO",2908606,NA,0.56,NA,NA
2010,"MUNICIPIO",2908705,NA,0.582,NA,NA
2010,"MUNICIPIO",2908804,NA,0.577,NA,NA
2010,"MUNICIPIO",2908903,NA,0.592,NA,NA
2010,"MUNICIPIO",2909000,NA,0.579,NA,NA
2010,"MUNICIPIO",2909109,NA,0.6,NA,NA
2010,"MUNICIPIO",2909208,NA,0.535,NA,NA
2010,"MUNICIPIO",2909307,NA,0.603,NA,NA
2010,"MUNICIPIO",2909406,NA,0.59,NA,NA
2010,"MUNICIPIO",2909505,NA,0.599,NA,NA
2010,"MUNICIPIO",2909604,NA,0.543,NA,NA
2010,"MUNICIPIO",2909703,NA,0.614,NA,NA
2010,"MUNICIPIO",2909802,NA,0.699,NA,NA
2010,"MUNICIPIO",2909901,NA,0.581,NA,NA
2010,"MUNICIPIO",2910008,NA,0.54,NA,NA
2010,"MUNICIPIO",2910057,NA,0.676,NA,NA
2010,"MUNICIPIO",2910107,NA,0.591,NA,NA
2010,"MUNICIPIO",2910206,NA,0.632,NA,NA
2010,"MUNICIPIO",2910305,NA,0.623,NA,NA
2010,"MUNICIPIO",2910404,NA,0.544,NA,NA
2010,"MUNICIPIO",2910503,NA,0.615,NA,NA
2010,"MUNICIPIO",2900504,NA,0.584,NA,NA
2010,"MUNICIPIO",2910602,NA,0.589,NA,NA
2010,"MUNICIPIO",2910701,NA,0.567,NA,NA
2010,"MUNICIPIO",2910727,NA,0.677,NA,NA
2010,"MUNICIPIO",2910750,NA,0.559,NA,NA
2010,"MUNICIPIO",2910776,NA,0.588,NA,NA
2010,"MUNICIPIO",2910800,NA,0.712,NA,NA
2010,"MUNICIPIO",2910859,NA,0.565,NA,NA
2010,"MUNICIPIO",2910909,NA,0.578,NA,NA
2010,"MUNICIPIO",2911006,NA,0.557,NA,NA
2010,"MUNICIPIO",2911105,NA,0.618,NA,NA
2010,"MUNICIPIO",2911204,NA,0.632,NA,NA
2010,"MUNICIPIO",2911253,NA,0.599,NA,NA
2010,"MUNICIPIO",2911303,NA,0.559,NA,NA
2010,"MUNICIPIO",2911402,NA,0.593,NA,NA
2010,"MUNICIPIO",2911501,NA,0.576,NA,NA
2010,"MUNICIPIO",2911600,NA,0.643,NA,NA
2010,"MUNICIPIO",2911659,NA,0.569,NA,NA
2010,"MUNICIPIO",2911709,NA,0.673,NA,NA
2010,"MUNICIPIO",2911808,NA,0.558,NA,NA
2010,"MUNICIPIO",2911857,NA,0.563,NA,NA
2010,"MUNICIPIO",2911907,NA,0.574,NA,NA
2010,"MUNICIPIO",2912004,NA,0.611,NA,NA
2010,"MUNICIPIO",2912103,NA,0.625,NA,NA
2010,"MUNICIPIO",2912202,NA,0.591,NA,NA
2010,"MUNICIPIO",2912301,NA,0.584,NA,NA
2010,"MUNICIPIO",2912400,NA,0.616,NA,NA
2010,"MUNICIPIO",2912509,NA,0.584,NA,NA
2010,"MUNICIPIO",2912608,NA,0.511,NA,NA
2010,"MUNICIPIO",2912707,NA,0.558,NA,NA
2010,"MUNICIPIO",2912806,NA,0.614,NA,NA
2010,"MUNICIPIO",2912905,NA,0.576,NA,NA
2010,"MUNICIPIO",2913002,NA,0.585,NA,NA
2010,"MUNICIPIO",2913101,NA,0.602,NA,NA
2010,"MUNICIPIO",2913200,NA,0.636,NA,NA
2010,"MUNICIPIO",2913309,NA,0.631,NA,NA
2010,"MUNICIPIO",2913408,NA,0.614,NA,NA
2010,"MUNICIPIO",2913457,NA,0.574,NA,NA
2010,"MUNICIPIO",2913507,NA,0.552,NA,NA
2010,"MUNICIPIO",2913606,NA,0.69,NA,NA
2010,"MUNICIPIO",2913705,NA,0.565,NA,NA
2010,"MUNICIPIO",2913804,NA,0.55,NA,NA
2010,"MUNICIPIO",2913903,NA,0.67,NA,NA
2010,"MUNICIPIO",2914000,NA,0.549,NA,NA
2010,"MUNICIPIO",2914109,NA,0.59,NA,NA
2010,"MUNICIPIO",2914208,NA,0.576,NA,NA
2010,"MUNICIPIO",2914307,NA,0.571,NA,NA
2010,"MUNICIPIO",2914406,NA,0.599,NA,NA
2010,"MUNICIPIO",2914505,NA,0.62,NA,NA
2010,"MUNICIPIO",2914604,NA,0.691,NA,NA
2010,"MUNICIPIO",2914653,NA,0.599,NA,NA
2010,"MUNICIPIO",2914703,NA,0.62,NA,NA
2010,"MUNICIPIO",2914802,NA,0.712,NA,NA
2010,"MUNICIPIO",2914901,NA,0.583,NA,NA
2010,"MUNICIPIO",2915007,NA,0.572,NA,NA
2010,"MUNICIPIO",2915106,NA,0.543,NA,NA
2010,"MUNICIPIO",2915205,NA,0.589,NA,NA
2010,"MUNICIPIO",2915304,NA,0.634,NA,NA
2010,"MUNICIPIO",2915353,NA,0.562,NA,NA
2010,"MUNICIPIO",2915403,NA,0.592,NA,NA
2010,"MUNICIPIO",2915502,NA,0.599,NA,NA
2010,"MUNICIPIO",2915601,NA,0.627,NA,NA
2010,"MUNICIPIO",2915700,NA,0.578,NA,NA
2010,"MUNICIPIO",2915809,NA,0.578,NA,NA
2010,"MUNICIPIO",2915908,NA,0.584,NA,NA
2010,"MUNICIPIO",2916005,NA,0.637,NA,NA
2010,"MUNICIPIO",2916104,NA,0.67,NA,NA
2010,"MUNICIPIO",2916203,NA,0.599,NA,NA
2010,"MUNICIPIO",2916302,NA,0.572,NA,NA
2010,"MUNICIPIO",2916401,NA,0.667,NA,NA
2010,"MUNICIPIO",2916500,NA,0.486,NA,NA
2010,"MUNICIPIO",2916609,NA,0.571,NA,NA
2010,"MUNICIPIO",2916708,NA,0.553,NA,NA
2010,"MUNICIPIO",2916807,NA,0.61,NA,NA
2010,"MUNICIPIO",2916856,NA,0.582,NA,NA
2010,"MUNICIPIO",2916906,NA,0.6,NA,NA
2010,"MUNICIPIO",2917003,NA,0.544,NA,NA
2010,"MUNICIPIO",2917102,NA,0.594,NA,NA
2010,"MUNICIPIO",2917201,NA,0.57,NA,NA
2010,"MUNICIPIO",2917300,NA,0.606,NA,NA
2010,"MUNICIPIO",2917334,NA,0.591,NA,NA
2010,"MUNICIPIO",2917359,NA,0.613,NA,NA
2010,"MUNICIPIO",2917409,NA,0.593,NA,NA
2010,"MUNICIPIO",2917508,NA,0.649,NA,NA
2010,"MUNICIPIO",2917607,NA,0.58,NA,NA
2010,"MUNICIPIO",2917706,NA,0.659,NA,NA
2010,"MUNICIPIO",2917805,NA,0.556,NA,NA
2010,"MUNICIPIO",2917904,NA,0.55,NA,NA
2010,"MUNICIPIO",2918001,NA,0.665,NA,NA
2010,"MUNICIPIO",2918100,NA,0.547,NA,NA
2010,"MUNICIPIO",2918209,NA,0.553,NA,NA
2010,"MUNICIPIO",2918308,NA,0.575,NA,NA
2010,"MUNICIPIO",2918357,NA,0.593,NA,NA
2010,"MUNICIPIO",2918407,NA,0.677,NA,NA
2010,"MUNICIPIO",2918456,NA,0.541,NA,NA
2010,"MUNICIPIO",2918506,NA,0.743,NA,NA
2010,"MUNICIPIO",2918555,NA,0.567,NA,NA
2010,"MUNICIPIO",2918605,NA,0.602,NA,NA
2010,"MUNICIPIO",2918704,NA,0.599,NA,NA
2010,"MUNICIPIO",2918753,NA,0.545,NA,NA
2010,"MUNICIPIO",2918803,NA,0.586,NA,NA
2010,"MUNICIPIO",2918902,NA,0.632,NA,NA
2010,"MUNICIPIO",2919009,NA,0.546,NA,NA
2010,"MUNICIPIO",2919058,NA,0.584,NA,NA
2010,"MUNICIPIO",2919108,NA,0.518,NA,NA
2010,"MUNICIPIO",2919157,NA,0.596,NA,NA
2010,"MUNICIPIO",2919207,NA,0.754,NA,NA
2010,"MUNICIPIO",2919306,NA,0.623,NA,NA
2010,"MUNICIPIO",2919405,NA,0.621,NA,NA
2010,"MUNICIPIO",2919504,NA,0.611,NA,NA
2010,"MUNICIPIO",2919553,NA,0.716,NA,NA
2010,"MUNICIPIO",2919603,NA,0.524,NA,NA
2010,"MUNICIPIO",2919702,NA,0.605,NA,NA
2010,"MUNICIPIO",2919801,NA,0.609,NA,NA
2010,"MUNICIPIO",2919900,NA,0.604,NA,NA
2010,"MUNICIPIO",2919926,NA,0.708,NA,NA
2010,"MUNICIPIO",2919959,NA,0.538,NA,NA
2010,"MUNICIPIO",2920007,NA,0.576,NA,NA
2010,"MUNICIPIO",2920106,NA,0.572,NA,NA
2010,"MUNICIPIO",2920205,NA,0.562,NA,NA
2010,"MUNICIPIO",2920304,NA,0.578,NA,NA
2010,"MUNICIPIO",2920403,NA,0.566,NA,NA
2010,"MUNICIPIO",2920452,NA,0.599,NA,NA
2010,"MUNICIPIO",2920502,NA,0.607,NA,NA
2010,"MUNICIPIO",2920601,NA,0.621,NA,NA
2010,"MUNICIPIO",2920700,NA,0.593,NA,NA
2010,"MUNICIPIO",2920809,NA,0.561,NA,NA
2010,"MUNICIPIO",2920908,NA,0.581,NA,NA
2010,"MUNICIPIO",2921005,NA,0.668,NA,NA
2010,"MUNICIPIO",2921054,NA,0.572,NA,NA
2010,"MUNICIPIO",2921104,NA,0.625,NA,NA
2010,"MUNICIPIO",2921203,NA,0.586,NA,NA
2010,"MUNICIPIO",2921302,NA,0.628,NA,NA
2010,"MUNICIPIO",2921401,NA,0.542,NA,NA
2010,"MUNICIPIO",2921450,NA,0.527,NA,NA
2010,"MUNICIPIO",2921500,NA,0.506,NA,NA
2010,"MUNICIPIO",2921609,NA,0.558,NA,NA
2010,"MUNICIPIO",2921708,NA,0.588,NA,NA
2010,"MUNICIPIO",2921807,NA,0.618,NA,NA
2010,"MUNICIPIO",2921906,NA,0.606,NA,NA
2010,"MUNICIPIO",2922003,NA,0.665,NA,NA
2010,"MUNICIPIO",2922052,NA,0.566,NA,NA
2010,"MUNICIPIO",2922102,NA,0.59,NA,NA
2010,"MUNICIPIO",2922201,NA,0.617,NA,NA
2010,"MUNICIPIO",2922250,NA,0.549,NA,NA
2010,"MUNICIPIO",2922300,NA,0.66,NA,NA
2010,"MUNICIPIO",2922409,NA,0.601,NA,NA
2010,"MUNICIPIO",2922508,NA,0.641,NA,NA
2010,"MUNICIPIO",2922607,NA,0.547,NA,NA
2010,"MUNICIPIO",2922656,NA,0.56,NA,NA
2010,"MUNICIPIO",2922706,NA,0.545,NA,NA
2010,"MUNICIPIO",2922730,NA,0.597,NA,NA
2010,"MUNICIPIO",2922755,NA,0.57,NA,NA
2010,"MUNICIPIO",2922805,NA,0.524,NA,NA
2010,"MUNICIPIO",2922854,NA,0.567,NA,NA
2010,"MUNICIPIO",2922904,NA,0.555,NA,NA
2010,"MUNICIPIO",2923001,NA,0.654,NA,NA
2010,"MUNICIPIO",2923035,NA,0.597,NA,NA
2010,"MUNICIPIO",2923050,NA,0.554,NA,NA
2010,"MUNICIPIO",2923100,NA,0.559,NA,NA
2010,"MUNICIPIO",2923209,NA,0.554,NA,NA
2010,"MUNICIPIO",2923308,NA,0.607,NA,NA
2010,"MUNICIPIO",2923357,NA,0.56,NA,NA
2010,"MUNICIPIO",2923407,NA,0.586,NA,NA
2010,"MUNICIPIO",2923506,NA,0.643,NA,NA
2010,"MUNICIPIO",2923605,NA,0.615,NA,NA
2010,"MUNICIPIO",2923704,NA,0.59,NA,NA
2010,"MUNICIPIO",2923803,NA,0.577,NA,NA
2010,"MUNICIPIO",2923902,NA,0.583,NA,NA
2010,"MUNICIPIO",2924009,NA,0.674,NA,NA
2010,"MUNICIPIO",2924058,NA,0.587,NA,NA
2010,"MUNICIPIO",2924108,NA,0.588,NA,NA
2010,"MUNICIPIO",2924207,NA,0.513,NA,NA
2010,"MUNICIPIO",2924306,NA,0.571,NA,NA
2010,"MUNICIPIO",2924405,NA,0.506,NA,NA
2010,"MUNICIPIO",2924504,NA,0.603,NA,NA
2010,"MUNICIPIO",2924603,NA,0.577,NA,NA
2010,"MUNICIPIO",2924652,NA,0.612,NA,NA
2010,"MUNICIPIO",2924678,NA,0.533,NA,NA
2010,"MUNICIPIO",2924702,NA,0.575,NA,NA
2010,"MUNICIPIO",2924801,NA,0.578,NA,NA
2010,"MUNICIPIO",2924900,NA,0.572,NA,NA
2010,"MUNICIPIO",2925006,NA,0.56,NA,NA
2010,"MUNICIPIO",2925105,NA,0.604,NA,NA
2010,"MUNICIPIO",2925204,NA,0.666,NA,NA
2010,"MUNICIPIO",2925253,NA,0.58,NA,NA
2010,"MUNICIPIO",2925303,NA,0.676,NA,NA
2010,"MUNICIPIO",2925402,NA,0.625,NA,NA
2010,"MUNICIPIO",2925501,NA,0.621,NA,NA
2010,"MUNICIPIO",2925600,NA,0.614,NA,NA
2010,"MUNICIPIO",2925709,NA,0.542,NA,NA
2010,"MUNICIPIO",2925758,NA,0.559,NA,NA
2010,"MUNICIPIO",2925808,NA,0.592,NA,NA
2010,"MUNICIPIO",2925907,NA,0.544,NA,NA
2010,"MUNICIPIO",2925931,NA,0.578,NA,NA
2010,"MUNICIPIO",2925956,NA,0.564,NA,NA
2010,"MUNICIPIO",2926004,NA,0.579,NA,NA
2010,"MUNICIPIO",2926103,NA,0.636,NA,NA
2010,"MUNICIPIO",2926202,NA,0.578,NA,NA
2010,"MUNICIPIO",2926301,NA,0.628,NA,NA
2010,"MUNICIPIO",2926400,NA,0.615,NA,NA
2010,"MUNICIPIO",2926509,NA,0.512,NA,NA
2010,"MUNICIPIO",2926608,NA,0.601,NA,NA
2010,"MUNICIPIO",2926657,NA,0.54,NA,NA
2010,"MUNICIPIO",2926707,NA,0.605,NA,NA
2010,"MUNICIPIO",2926806,NA,0.576,NA,NA
2010,"MUNICIPIO",2926905,NA,0.594,NA,NA
2010,"MUNICIPIO",2927002,NA,0.572,NA,NA
2010,"MUNICIPIO",2927101,NA,0.632,NA,NA
2010,"MUNICIPIO",2927200,NA,0.61,NA,NA
2010,"MUNICIPIO",2927309,NA,0.617,NA,NA
2010,"MUNICIPIO",2927408,NA,0.759,NA,NA
2010,"MUNICIPIO",2927507,NA,0.583,NA,NA
2010,"MUNICIPIO",2927606,NA,0.546,NA,NA
2010,"MUNICIPIO",2927705,NA,0.654,NA,NA
2010,"MUNICIPIO",2927804,NA,0.61,NA,NA
2010,"MUNICIPIO",2927903,NA,0.574,NA,NA
2010,"MUNICIPIO",2928059,NA,0.556,NA,NA
2010,"MUNICIPIO",2928109,NA,0.614,NA,NA
2010,"MUNICIPIO",2928406,NA,0.605,NA,NA
2010,"MUNICIPIO",2928505,NA,0.587,NA,NA
2010,"MUNICIPIO",2928000,NA,0.598,NA,NA
2010,"MUNICIPIO",2928208,NA,0.692,NA,NA
2010,"MUNICIPIO",2928307,NA,0.592,NA,NA
2010,"MUNICIPIO",2928604,NA,0.646,NA,NA
2010,"MUNICIPIO",2928703,NA,0.7,NA,NA
2010,"MUNICIPIO",2928802,NA,0.626,NA,NA
2010,"MUNICIPIO",2928901,NA,0.579,NA,NA
2010,"MUNICIPIO",2928950,NA,0.64,NA,NA
2010,"MUNICIPIO",2929107,NA,0.616,NA,NA
2010,"MUNICIPIO",2929008,NA,0.639,NA,NA
2010,"MUNICIPIO",2929057,NA,0.639,NA,NA
2010,"MUNICIPIO",2929206,NA,0.674,NA,NA
2010,"MUNICIPIO",2929255,NA,0.592,NA,NA
2010,"MUNICIPIO",2929305,NA,0.627,NA,NA
2010,"MUNICIPIO",2929354,NA,0.546,NA,NA
2010,"MUNICIPIO",2929370,NA,0.552,NA,NA
2010,"MUNICIPIO",2929404,NA,0.593,NA,NA
2010,"MUNICIPIO",2929503,NA,0.657,NA,NA
2010,"MUNICIPIO",2929602,NA,0.614,NA,NA
2010,"MUNICIPIO",2929701,NA,0.527,NA,NA
2010,"MUNICIPIO",2929750,NA,0.617,NA,NA
2010,"MUNICIPIO",2929800,NA,0.549,NA,NA
2010,"MUNICIPIO",2929909,NA,0.635,NA,NA
2010,"MUNICIPIO",2930006,NA,0.615,NA,NA
2010,"MUNICIPIO",2930105,NA,0.666,NA,NA
2010,"MUNICIPIO",2930204,NA,0.585,NA,NA
2010,"MUNICIPIO",2930154,NA,0.595,NA,NA
2010,"MUNICIPIO",2930303,NA,0.608,NA,NA
2010,"MUNICIPIO",2930402,NA,0.566,NA,NA
2010,"MUNICIPIO",2930501,NA,0.634,NA,NA
2010,"MUNICIPIO",2930600,NA,0.59,NA,NA
2010,"MUNICIPIO",2930709,NA,0.675,NA,NA
2010,"MUNICIPIO",2930758,NA,0.564,NA,NA
2010,"MUNICIPIO",2930766,NA,0.533,NA,NA
2010,"MUNICIPIO",2930774,NA,0.631,NA,NA
2010,"MUNICIPIO",2930808,NA,0.592,NA,NA
2010,"MUNICIPIO",2930907,NA,0.584,NA,NA
2010,"MUNICIPIO",2931004,NA,0.577,NA,NA
2010,"MUNICIPIO",2931053,NA,0.599,NA,NA
2010,"MUNICIPIO",2931103,NA,0.597,NA,NA
2010,"MUNICIPIO",2931202,NA,0.566,NA,NA
2010,"MUNICIPIO",2931301,NA,0.594,NA,NA
2010,"MUNICIPIO",2931350,NA,0.685,NA,NA
2010,"MUNICIPIO",2931400,NA,0.594,NA,NA
2010,"MUNICIPIO",2931509,NA,0.566,NA,NA
2010,"MUNICIPIO",2931608,NA,0.555,NA,NA
2010,"MUNICIPIO",2931707,NA,0.578,NA,NA
2010,"MUNICIPIO",2931806,NA,0.528,NA,NA
2010,"MUNICIPIO",2931905,NA,0.579,NA,NA
2010,"MUNICIPIO",2932002,NA,0.605,NA,NA
2010,"MUNICIPIO",2932101,NA,0.582,NA,NA
2010,"MUNICIPIO",2932200,NA,0.611,NA,NA
2010,"MUNICIPIO",2932309,NA,0.593,NA,NA
2010,"MUNICIPIO",2932408,NA,0.617,NA,NA
2010,"MUNICIPIO",2932457,NA,0.515,NA,NA
2010,"MUNICIPIO",2932507,NA,0.56,NA,NA
2010,"MUNICIPIO",2932606,NA,0.598,NA,NA
2010,"MUNICIPIO",2932705,NA,0.616,NA,NA
2010,"MUNICIPIO",2932804,NA,0.59,NA,NA
2010,"MUNICIPIO",2932903,NA,0.623,NA,NA
2010,"MUNICIPIO",2933000,NA,0.637,NA,NA
2010,"MUNICIPIO",2933059,NA,0.539,NA,NA
2010,"MUNICIPIO",2933109,NA,0.575,NA,NA
2010,"MUNICIPIO",2933158,NA,0.555,NA,NA
2010,"MUNICIPIO",2933174,NA,0.586,NA,NA
2010,"MUNICIPIO",2933208,NA,0.645,NA,NA
2010,"MUNICIPIO",2933257,NA,0.577,NA,NA
2010,"MUNICIPIO",2933307,NA,0.678,NA,NA
2010,"MUNICIPIO",2933406,NA,0.587,NA,NA
2010,"MUNICIPIO",2933455,NA,0.6,NA,NA
2010,"MUNICIPIO",2933505,NA,0.544,NA,NA
2010,"MUNICIPIO",2933604,NA,0.585,NA,NA
