"ANO","NIVEL","MUNICIPIO","TO","TORC","TORCR","TO_NN","TO_N","TO_CB_I","TO_CB_N","TO_CB_C","TO_CB_R","TO_CB_O","TO_M","TO_F","TO_F_IF","TO_FT","TO_NT","TO_NT_P","TO_NT_T","TO_PNT","TO_MT_G","TONT_B","TONT_PT","TONT_A","TONT_PD","TONT_I","TO_MT","TO_MT_DG","TO_MT_PT","TO_MT_AB","TO_MT_42","TO_MT_43","TO_MT_P","TO_MT_P_I","TO_MT_P_ES","TO_MT_P_EFI","TO_MT_P_EFII","TO_MT_P_EM","TO_MT_P_ESI","TO_MT_P_ESC"
2015,"UF",29,87083,0,0,12751,74332,4132,11747,20749,7236,30468,50010,37009,4841,0,842,702,140,19,57,137,45,0,540,1,195,57,35,7,66,30,165,154,4,32,31,49,1,5
2015,"MU",290000,472,0,0,255,217,15,21,39,23,119,382,64,16,0,4,3,1,0,0,1,0,0,2,0,1,0,0,0,1,0,1,0,0,0,0,0,0,0
2015,"MU",290010,50,0,0,6,44,1,6,17,1,19,24,26,1,0,0,0,0,0,0,0,0,0,0,0,0,0,0,0,0,0,0,0,0,0,0,0,0,0
2015,"MU",290020,99,0,0,19,80,4,17,27,7,25,59,40,7,0,0,0,0,0,1,0,0,0,0,0,3,1,0,0,2,0,3,3,0,0,2,0,0,0
2015,"MU",290030,122,0,0,15,107,4,12,38,3,50,68,54,4,0,3,2,1,0,0,1,0,0,2,0,0,0,0,0,0,0,0,0,0,0,0,0,0,0
2015,"MU",290035,82,0,0,9,73,0,9,15,5,44,44,38,2,0,1,1,0,0,0,0,0,0,1,0,0,0,0,0,0,0,0,0,0,0,0,0,0,0
2015,"MU",290040,80,0,0,6,74,4,2,21,2,45,45,35,3,0,0,0,0,0,0,0,0,0,0,0,0,0,0,0,0,0,0,0,0,0,0,0,0,0
2015,"MU",290050,60,0,0,6,54,2,9,25,2,16,29,31,1,0,0,0,0,0,0,0,0,0,0,0,0,0,0,0,0,0,0,0,0,0,0,0,0,0
2015,"MU",290060,26,0,0,3,23,1,4,3,1,14,15,11,0,0,0,0,0,0,0,0,0,0,0,0,0,0,0,0,0,0,0,0,0,0,0,0,0,0
2015,"MU",290070,999,0,0,161,838,41,121,241,91,344,527,472,64,0,4,3,1,0,2,1,0,0,2,0,2,2,0,0,0,0,2,2,0,0,0,2,0,0
2015,"MU",290080,110,0,0,29,81,3,12,21,5,40,65,45,13,0,2,2,0,0,0,0,0,0,2,0,0,0,0,0,0,0,0,0,0,0,0,0,0,0
2015,"MU",290090,56,0,0,7,49,3,7,18,9,12,31,25,3,0,0,0,0,0,0,0,0,0,0,0,0,0,0,0,0,0,0,0,0,0,0,0,0,0
2015,"MU",290100,259,0,0,18,241,7,47,72,30,85,136,123,7,0,1,0,1,0,0,1,0,0,0,0,0,0,0,0,0,0,0,0,0,0,0,0,0,0
2015,"MU",290110,170,0,0,28,142,4,32,41,10,55,103,67,5,0,3,2,1,0,1,0,0,0,3,0,1,1,0,0,0,0,1,1,0,0,0,1,0,0
2015,"MU",290115,84,0,0,12,72,0,12,27,8,25,48,35,0,0,0,0,0,0,0,0,0,0,0,0,0,0,0,0,0,0,0,0,0,0,0,0,0,0
2015,"MU",290120,146,0,0,15,131,4,12,38,16,61,93,52,6,0,1,1,0,0,0,0,0,0,1,0,0,0,0,0,0,0,0,0,0,0,0,0,0,0
2015,"MU",290130,73,0,0,7,66,3,11,18,1,33,49,24,3,0,0,0,0,0,0,0,0,0,0,0,0,0,0,0,0,0,0,0,0,0,0,0,0,0
2015,"MU",290135,92,0,0,8,84,2,5,11,3,63,43,49,4,0,1,1,0,0,0,0,0,0,1,0,0,0,0,0,0,0,0,0,0,0,0,0,0,0
2015,"MU",290140,91,0,0,15,76,10,11,23,10,22,55,36,6,0,0,0,0,0,0,0,0,0,0,0,0,0,0,0,0,0,0,0,0,0,0,0,0,0
2015,"MU",290150,59,0,0,4,55,3,8,21,2,21,33,26,2,0,1,1,0,0,0,0,0,0,1,0,0,0,0,0,0,0,0,0,0,0,0,0,0,0
2015,"MU",290160,74,0,0,10,64,5,6,23,3,27,55,19,1,0,1,1,0,0,0,0,0,0,1,0,0,0,0,0,0,0,0,0,0,0,0,0,0,0
2015,"MU",290170,71,0,0,10,61,5,8,21,3,24,34,37,6,0,1,1,0,0,0,0,0,0,1,0,0,0,0,0,0,0,0,0,0,0,0,0,0,0
2015,"MU",290180,55,0,0,2,53,3,3,10,0,37,37,18,2,0,0,0,0,0,0,0,0,0,0,0,0,0,0,0,0,0,0,0,0,0,0,0,0,0
2015,"MU",290190,108,0,0,15,93,2,12,33,11,35,67,41,2,0,1,1,0,0,0,0,0,0,1,0,0,0,0,0,0,0,0,0,0,0,0,0,0,0
2015,"MU",290195,47,0,0,5,42,1,7,15,4,15,31,16,0,0,0,0,0,0,0,0,0,0,0,0,0,0,0,0,0,0,0,0,0,0,0,0,0,0
2015,"MU",290200,86,0,0,5,81,8,12,25,4,32,48,38,7,0,0,0,0,0,0,0,0,0,0,0,0,0,0,0,0,0,0,0,0,0,0,0,0,0
2015,"MU",290205,65,0,0,5,60,5,11,20,4,20,38,27,7,0,1,1,0,0,0,0,0,0,0,0,1,0,1,0,0,0,1,1,0,0,1,0,0,0
2015,"MU",290210,279,0,0,37,242,21,20,47,23,131,165,114,17,0,8,7,1,0,0,2,0,0,6,0,1,0,0,0,1,0,1,1,1,0,0,0,0,0
2015,"MU",290220,48,0,0,4,44,1,4,17,0,22,21,27,4,0,0,0,0,0,0,0,0,0,0,0,0,0,0,0,0,0,0,0,0,0,0,0,0,0
2015,"MU",290225,60,0,0,6,54,2,8,16,8,20,43,17,5,0,1,1,0,0,0,0,0,0,0,0,1,0,1,0,0,0,1,1,0,0,0,0,0,0
2015,"MU",290230,56,0,0,7,49,3,6,21,2,17,30,26,5,0,0,0,0,0,0,0,0,0,0,0,0,0,0,0,0,0,0,0,0,0,0,0,0,0
2015,"MU",290240,74,0,0,9,65,2,10,14,3,36,48,26,4,0,1,1,0,0,0,0,0,0,1,0,0,0,0,0,0,0,0,0,0,0,0,0,0,0
2015,"MU",290250,46,0,0,8,38,5,5,9,3,16,28,18,5,0,2,1,1,0,1,0,0,0,1,0,1,1,0,0,0,0,1,1,0,1,0,0,0,0
2015,"MU",290260,132,0,0,11,121,5,17,27,6,66,83,49,4,0,0,0,0,0,0,0,0,0,0,0,1,0,0,0,1,0,1,1,0,0,0,0,0,0
2015,"MU",290265,60,0,0,4,56,1,3,5,4,43,36,24,1,0,0,0,0,0,0,0,0,0,0,0,0,0,0,0,0,0,0,0,0,0,0,0,0,0
2015,"MU",290270,259,0,0,26,233,8,34,76,25,90,134,125,18,0,4,4,0,0,0,0,0,0,3,0,0,0,0,0,0,0,0,0,0,0,0,0,0,0
2015,"MU",290280,129,0,0,8,121,12,14,42,11,42,63,66,12,0,1,1,0,0,0,1,0,0,0,0,0,0,0,0,0,0,0,0,0,0,0,0,0,0
2015,"MU",290290,187,0,0,28,159,5,28,58,12,56,113,74,12,0,1,0,1,0,0,0,0,0,1,0,0,0,0,0,0,0,0,0,0,0,0,0,0,0
2015,"MU",290300,95,0,0,10,85,2,19,29,9,26,49,46,7,0,1,1,0,0,0,0,0,0,1,0,1,0,0,0,1,0,1,1,0,0,0,1,0,0
2015,"MU",290310,44,0,0,14,30,0,4,14,0,12,28,16,1,0,1,1,0,0,0,0,0,0,1,0,0,0,0,0,0,0,0,0,0,0,0,0,0,0
2015,"MU",290320,754,0,0,151,603,55,89,154,96,209,485,269,51,0,14,11,3,0,0,3,0,0,11,0,2,0,0,0,1,1,1,1,0,0,1,0,0,0
2015,"MU",290323,80,0,0,5,75,1,12,34,5,23,41,39,1,0,1,1,0,0,0,0,0,0,1,0,0,0,0,0,0,0,0,0,0,0,0,0,0,0
2015,"MU",290327,78,0,0,19,59,1,17,20,4,17,52,26,7,0,0,0,0,0,0,0,0,0,0,0,0,0,0,0,0,0,0,0,0,0,0,0,0,0
2015,"MU",290330,63,0,0,9,54,2,7,19,3,23,35,28,5,0,1,1,0,0,0,0,0,0,0,0,0,0,0,0,0,0,0,0,0,0,0,0,0,0
2015,"MU",290340,162,0,0,18,144,9,19,57,18,41,90,72,14,0,2,2,0,0,0,0,0,0,2,0,0,0,0,0,0,0,0,0,0,0,0,0,0,0
2015,"MU",290350,129,0,0,11,118,6,12,27,10,63,61,68,12,0,3,3,0,0,1,1,0,0,2,0,1,1,0,0,0,0,1,1,0,1,0,0,0,0
2015,"MU",290360,109,0,0,10,99,4,14,28,9,44,63,46,7,0,1,1,0,0,1,0,0,0,1,0,1,1,0,0,0,0,1,1,0,0,0,0,0,0
2015,"MU",290370,115,0,0,13,102,2,16,32,6,46,66,49,5,0,0,0,0,0,0,0,0,0,0,0,0,0,0,0,0,0,0,0,0,0,0,0,0,0
2015,"MU",290380,96,0,0,15,81,2,11,28,2,38,62,34,3,0,1,1,0,0,0,0,0,0,0,0,0,0,0,0,0,0,0,0,0,0,0,0,0,0
2015,"MU",290390,364,0,0,51,313,15,49,88,34,127,210,153,30,0,2,2,0,0,2,0,0,0,2,0,5,2,1,0,1,1,4,4,0,1,1,1,0,0
2015,"MU",290395,46,0,0,6,40,0,5,10,2,23,25,21,1,0,0,0,0,0,0,0,0,0,0,0,0,0,0,0,0,0,0,0,0,0,0,0,0,0
2015,"MU",290400,87,0,0,4,83,2,4,15,4,58,41,46,5,0,0,0,0,0,0,0,0,0,0,0,1,0,0,0,0,1,0,0,0,0,0,0,0,0
2015,"MU",290405,61,0,0,6,55,3,6,15,0,31,34,26,3,0,3,3,0,0,0,0,0,0,3,0,0,0,0,0,0,0,0,0,0,0,0,0,0,0
2015,"MU",290410,124,0,0,8,116,7,17,38,7,47,59,65,10,0,1,1,0,0,0,0,0,0,1,0,0,0,0,0,0,0,0,0,0,0,0,0,0,0
2015,"MU",290420,63,0,0,7,56,0,8,22,5,21,30,33,3,0,0,0,0,0,0,0,0,0,0,0,0,0,0,0,0,0,0,0,0,0,0,0,0,0
2015,"MU",290430,85,0,0,3,82,5,9,29,9,30,47,38,3,0,1,1,0,0,0,0,0,0,1,0,0,0,0,0,0,0,0,0,0,0,0,0,0,0
2015,"MU",290440,43,0,0,5,38,1,4,7,2,24,27,16,0,0,1,1,0,0,0,1,0,0,0,0,0,0,0,0,0,0,0,0,0,0,0,0,0,0
2015,"MU",290450,89,0,0,14,75,0,13,42,3,17,57,32,4,0,0,0,0,0,0,0,0,0,0,0,1,0,1,0,0,0,1,1,0,0,0,1,0,0
2015,"MU",290460,408,0,0,39,369,19,69,81,52,148,219,189,18,0,6,6,0,0,0,3,0,0,3,0,0,0,0,0,0,0,0,0,0,0,0,0,0,0
2015,"MU",290470,163,0,0,12,151,5,23,43,16,64,99,64,8,0,1,1,0,0,0,0,0,0,1,0,0,0,0,0,0,0,0,0,0,0,0,0,0,0
2015,"MU",290475,85,0,0,6,79,2,14,27,10,26,44,41,5,0,0,0,0,0,0,0,0,0,0,0,1,0,0,0,1,0,1,1,0,0,1,0,0,0
2015,"MU",290480,44,0,0,3,41,2,4,8,2,25,23,21,2,0,1,1,0,0,0,0,0,0,1,0,0,0,0,0,0,0,0,0,0,0,0,0,0,0
2015,"MU",290485,108,0,0,13,95,5,23,28,3,36,69,39,5,0,1,0,1,0,0,0,0,0,1,0,0,0,0,0,0,0,0,0,0,0,0,0,0,0
2015,"MU",290490,245,0,0,36,209,14,29,75,9,82,129,116,17,0,2,2,0,0,0,0,0,0,2,0,0,0,0,0,0,0,0,0,0,0,0,0,0,0
2015,"MU",290500,123,0,0,18,105,3,16,22,17,47,66,57,3,0,0,0,0,0,0,0,0,0,0,0,0,0,0,0,0,0,0,0,0,0,0,0,0,0
2015,"MU",290510,58,0,0,4,54,3,3,8,1,39,32,26,0,0,1,1,0,0,0,0,0,0,1,0,0,0,0,0,0,0,0,0,0,0,0,0,0,0
2015,"MU",290515,50,0,0,4,46,3,6,13,2,22,24,26,3,0,1,1,0,0,0,0,0,0,1,0,0,0,0,0,0,0,0,0,0,0,0,0,0,0
2015,"MU",290520,283,0,0,39,244,10,51,70,31,82,156,127,14,0,2,2,0,1,0,2,0,0,0,0,0,0,0,0,0,0,0,0,0,0,0,0,0,0
2015,"MU",290530,107,0,0,14,93,11,20,31,4,27,60,47,2,0,1,1,0,0,0,0,0,0,1,0,0,0,0,0,0,0,0,0,0,0,0,0,0,0
2015,"MU",290540,58,0,0,11,47,2,12,9,4,20,32,26,6,0,0,0,0,0,0,0,0,0,0,0,0,0,0,0,0,0,0,0,0,0,0,0,0,0
2015,"MU",290550,69,0,0,6,63,2,9,14,9,29,36,33,4,0,3,2,1,0,1,0,1,0,0,0,1,1,0,0,0,0,1,0,0,0,1,0,0,0
2015,"MU",290560,183,0,0,28,155,12,15,36,14,78,113,70,11,0,1,1,0,0,0,0,0,0,1,0,0,0,0,0,0,0,0,0,0,0,0,0,0,0
2015,"MU",290570,1318,0,0,295,1023,65,211,325,96,326,799,519,105,0,26,23,3,0,0,2,2,0,18,0,1,0,0,1,0,0,1,1,0,1,0,0,0,0
2015,"MU",290580,167,0,0,41,126,10,16,41,8,51,104,63,8,0,3,3,0,0,0,1,0,0,2,0,0,0,0,0,0,0,0,0,0,0,0,0,0,0
2015,"MU",290590,123,0,0,12,111,11,12,42,16,30,74,49,9,0,2,1,1,0,0,0,0,0,2,0,0,0,0,0,0,0,0,0,0,0,0,0,0,0
2015,"MU",290600,394,0,0,43,351,27,45,95,20,164,252,142,21,0,5,5,0,0,2,1,0,0,4,0,2,2,0,0,0,0,2,2,0,0,1,0,0,0
2015,"MU",290610,18,0,0,9,9,1,2,2,1,3,13,5,2,0,0,0,0,0,0,0,0,0,0,0,1,0,1,0,0,0,1,1,1,0,0,0,0,0
2015,"MU",290620,162,0,0,17,145,7,28,51,14,45,96,66,9,0,1,1,0,0,0,0,0,0,1,0,0,0,0,0,0,0,0,0,0,0,0,0,0,0
2015,"MU",290630,205,0,0,21,184,7,28,72,14,63,130,75,3,0,1,1,0,0,0,0,0,0,1,0,0,0,0,0,0,0,0,0,0,0,0,0,0,0
2015,"MU",290640,54,0,0,3,51,0,3,11,3,34,28,26,1,0,0,0,0,0,0,0,0,0,0,0,0,0,0,0,0,0,0,0,0,0,0,0,0,0
2015,"MU",290650,495,0,0,90,405,26,69,137,49,124,299,195,38,0,9,8,1,0,0,1,0,0,8,0,0,0,0,0,0,0,0,0,0,0,0,0,0,0
2015,"MU",290660,60,0,0,11,49,3,12,10,5,19,41,19,2,0,0,0,0,0,0,0,0,0,0,0,0,0,0,0,0,0,0,0,0,0,0,0,0,0
2015,"MU",290670,175,0,0,14,161,8,10,39,18,86,100,75,9,0,3,3,0,0,0,0,0,0,3,0,0,0,0,0,0,0,0,0,0,0,0,0,0,0
2015,"MU",290680,209,0,0,21,188,4,25,37,11,111,131,78,11,0,4,3,1,0,0,0,1,0,3,0,0,0,0,0,0,0,0,0,0,0,0,0,0,0
2015,"MU",290682,81,0,0,11,70,1,11,17,2,39,40,40,4,0,1,1,0,0,0,1,0,0,0,0,0,0,0,0,0,0,0,0,0,0,0,0,0,0
2015,"MU",290685,60,0,0,9,51,2,5,16,3,25,31,29,1,0,0,0,0,0,0,0,0,0,0,0,0,0,0,0,0,0,0,0,0,0,0,0,0,0
2015,"MU",290687,172,0,0,23,149,2,13,54,9,71,107,65,14,0,2,2,0,0,0,1,0,0,1,0,1,0,0,0,1,0,1,1,0,0,0,1,0,0
2015,"MU",290689,49,0,0,7,42,0,6,10,5,21,34,15,4,0,0,0,0,0,0,0,0,0,0,0,0,0,0,0,0,0,0,0,0,0,0,0,0,0
2015,"MU",290690,111,0,0,21,90,7,15,27,8,33,72,39,3,0,1,1,0,0,0,0,1,0,0,0,0,0,0,0,0,0,0,0,0,0,0,0,0,0
2015,"MU",290700,43,0,0,4,39,1,5,8,5,20,24,19,3,0,1,1,0,0,1,0,1,0,0,0,1,1,0,0,0,0,1,1,1,0,0,0,0,0
2015,"MU",290710,152,0,0,15,137,9,16,33,16,63,99,53,9,0,3,3,0,0,0,1,1,0,1,0,1,0,0,0,1,0,1,1,0,0,0,1,0,0
2015,"MU",290720,376,0,0,37,339,21,58,113,25,122,215,161,22,0,5,3,2,1,0,0,1,0,3,0,1,0,0,0,1,0,1,1,0,0,1,0,0,0
2015,"MU",290730,190,0,0,10,180,8,21,45,13,93,98,92,13,0,0,0,0,0,0,0,0,0,0,0,0,0,0,0,0,0,0,0,0,0,0,0,0,0
2015,"MU",290740,17,0,0,2,15,1,5,4,2,3,8,9,1,0,1,1,0,0,0,1,0,0,0,0,0,0,0,0,0,0,0,0,0,0,0,0,0,0
2015,"MU",290750,333,0,0,58,275,11,42,81,27,114,198,135,20,0,2,2,0,0,1,2,0,0,0,0,2,1,0,0,1,0,2,2,0,0,0,1,0,0
2015,"MU",290755,37,0,0,2,35,2,6,11,1,15,22,15,1,0,0,0,0,0,0,0,0,0,0,0,0,0,0,0,0,0,0,0,0,0,0,0,0,0
2015,"MU",290760,93,0,0,11,82,5,11,17,8,41,63,30,2,0,3,3,0,0,0,1,0,0,2,0,0,0,0,0,0,0,0,0,0,0,0,0,0,0
2015,"MU",290770,67,0,0,15,52,3,4,24,11,10,41,26,5,0,3,2,1,0,0,0,1,0,1,0,0,0,0,0,0,0,0,0,0,0,0,0,0,0
2015,"MU",290780,203,0,0,19,184,9,18,55,19,83,115,88,12,0,0,0,0,0,0,0,0,0,0,0,1,0,0,0,1,0,1,1,0,0,0,1,0,0
2015,"MU",290790,93,0,0,8,85,1,6,23,6,49,54,39,6,0,1,1,0,1,0,0,0,0,1,0,0,0,0,0,0,0,0,0,0,0,0,0,0,0
2015,"MU",290800,203,0,0,27,176,5,20,43,30,78,132,71,7,0,1,1,0,0,0,0,0,0,1,0,0,0,0,0,0,0,0,0,0,0,0,0,0,0
2015,"MU",290810,59,0,0,8,51,0,3,16,4,28,27,32,4,0,0,0,0,0,0,0,0,0,0,0,0,0,0,0,0,0,0,0,0,0,0,0,0,0
2015,"MU",290820,121,0,0,13,108,3,16,39,7,43,58,63,5,0,3,2,1,0,0,0,0,0,2,0,0,0,0,0,0,0,0,0,0,0,0,0,0,0
2015,"MU",290830,107,0,0,13,94,11,9,32,9,33,51,56,7,0,1,1,0,0,0,1,0,0,0,0,0,0,0,0,0,0,0,0,0,0,0,0,0,0
2015,"MU",290840,364,0,0,43,321,24,32,116,37,112,219,145,14,0,4,4,0,0,0,1,0,0,2,0,1,0,1,0,0,0,1,1,0,0,0,0,0,0
2015,"MU",290850,217,0,0,38,179,13,31,45,18,72,121,96,15,0,2,2,0,0,0,1,0,0,1,0,0,0,0,0,0,0,0,0,0,0,0,0,0,0
2015,"MU",290860,116,0,0,7,109,5,15,35,11,43,63,52,7,0,1,1,0,0,0,0,0,0,1,0,0,0,0,0,0,0,0,0,0,0,0,0,0,0
2015,"MU",290870,132,0,0,15,117,5,19,43,10,40,61,70,7,0,0,0,0,0,0,0,0,0,0,0,0,0,0,0,0,0,0,0,0,0,0,0,0,0
2015,"MU",290880,22,0,0,3,19,2,5,5,0,7,13,9,0,0,0,0,0,0,0,0,0,0,0,0,0,0,0,0,0,0,0,0,0,0,0,0,0,0
2015,"MU",290890,132,0,0,19,113,8,19,34,7,45,68,64,7,0,0,0,0,0,0,0,0,0,0,0,0,0,0,0,0,0,0,0,0,0,0,0,0,0
2015,"MU",290900,52,0,0,4,48,1,14,14,1,18,27,25,2,0,1,1,0,0,0,0,0,0,0,0,0,0,0,0,0,0,0,0,0,0,0,0,0,0
2015,"MU",290910,68,0,0,7,61,3,11,19,7,21,43,25,2,0,0,0,0,0,0,0,0,0,0,0,0,0,0,0,0,0,0,0,0,0,0,0,0,0
2015,"MU",290920,87,0,0,8,79,3,12,27,8,29,44,43,3,0,1,1,0,0,0,0,0,0,1,0,0,0,0,0,0,0,0,0,0,0,0,0,0,0
2015,"MU",290930,104,0,0,20,84,3,12,16,15,38,63,41,6,0,2,2,0,0,0,1,0,0,1,0,0,0,0,0,0,0,0,0,0,0,0,0,0,0
2015,"MU",290940,84,0,0,10,74,10,8,13,6,37,46,38,8,0,1,1,0,0,0,0,0,0,0,0,2,0,0,0,1,1,1,1,0,0,0,1,0,0
2015,"MU",290950,28,0,0,3,25,0,4,3,1,17,16,12,0,0,0,0,0,0,0,0,0,0,0,0,0,0,0,0,0,0,0,0,0,0,0,0,0,0
2015,"MU",290960,112,0,0,11,101,3,8,35,8,47,62,50,5,0,0,0,0,0,0,0,0,0,0,0,0,0,0,0,0,0,0,0,0,0,0,0,0,0
2015,"MU",290970,69,0,0,12,57,0,9,18,7,23,47,22,5,0,1,1,0,0,0,0,0,0,0,0,0,0,0,0,0,0,0,0,0,0,0,0,0,0
2015,"MU",290980,384,0,0,53,331,18,47,125,36,105,217,167,22,0,3,3,0,0,0,1,0,0,2,0,1,0,1,0,0,0,1,1,0,0,0,0,0,0
2015,"MU",290990,156,0,0,24,132,4,17,58,15,38,94,62,7,0,3,1,2,0,1,2,0,0,1,0,2,1,0,0,0,1,1,1,0,0,0,1,0,0
2015,"MU",291000,67,0,0,8,59,5,11,17,4,22,38,29,2,0,2,2,0,0,0,0,0,0,1,0,0,0,0,0,0,0,0,0,0,0,0,0,0,0
2015,"MU",291005,363,0,0,70,293,25,52,104,29,83,231,132,14,0,3,2,1,0,0,1,0,0,2,0,2,0,0,1,0,1,1,0,0,0,0,1,0,0
2015,"MU",291010,72,0,0,15,57,9,7,18,8,15,41,31,1,0,0,0,0,0,0,0,0,0,0,0,0,0,0,0,0,0,0,0,0,0,0,0,0,0
2015,"MU",291020,31,0,0,3,28,4,7,9,3,5,19,12,2,0,0,0,0,0,0,0,0,0,0,0,0,0,0,0,0,0,0,0,0,0,0,0,0,0
2015,"MU",291030,68,0,0,2,66,4,9,26,5,22,38,30,3,0,0,0,0,0,0,0,0,0,0,0,2,0,2,0,0,0,2,2,0,0,1,1,0,0
2015,"MU",291040,133,0,0,14,119,3,18,44,5,49,84,49,5,0,4,3,1,0,1,1,0,0,3,0,1,1,0,0,0,0,1,1,0,0,0,0,0,0
2015,"MU",291050,231,0,0,38,193,15,24,51,17,86,143,88,11,0,2,2,0,0,0,0,1,0,1,0,0,0,0,0,0,0,0,0,0,0,0,0,0,0
2015,"MU",291060,194,0,0,37,157,8,21,55,18,55,104,90,12,0,5,3,2,0,0,0,0,0,4,0,0,0,0,0,0,0,0,0,0,0,0,0,0,0
2015,"MU",291070,349,0,0,36,313,11,39,54,25,184,215,134,18,0,2,1,1,0,0,1,0,0,1,0,0,0,0,0,0,0,0,0,0,0,0,0,0,0
2015,"MU",291072,655,0,0,134,521,22,88,205,62,144,396,258,56,0,10,10,0,0,1,1,0,0,5,0,4,1,1,0,1,1,3,3,1,1,0,0,0,0
2015,"MU",291075,100,0,0,11,89,3,16,36,7,27,61,39,2,0,0,0,0,0,0,0,0,0,0,0,0,0,0,0,0,0,0,0,0,0,0,0,0,0
2015,"MU",291077,19,0,0,2,17,1,5,4,0,7,12,7,0,0,0,0,0,0,0,0,0,0,0,0,0,0,0,0,0,0,0,0,0,0,0,0,0,0
2015,"MU",291080,3783,0,0,585,3198,189,536,712,272,1489,2148,1633,235,0,28,25,3,0,1,8,3,0,14,0,6,1,2,0,3,0,6,6,0,1,0,2,0,1
2015,"MU",291085,86,0,0,5,81,1,8,19,11,42,49,37,2,0,0,0,0,0,0,0,0,0,0,0,0,0,0,0,0,0,0,0,0,0,0,0,0,0
2015,"MU",291090,35,0,0,1,34,0,5,10,4,15,15,20,4,0,0,0,0,0,0,0,0,0,0,0,0,0,0,0,0,0,0,0,0,0,0,0,0,0
2015,"MU",291100,79,0,0,3,76,2,10,19,11,34,48,31,5,0,2,2,0,0,0,0,0,0,2,0,0,0,0,0,0,0,0,0,0,0,0,0,0,0
2015,"MU",291110,83,0,0,19,64,7,11,19,7,20,56,27,6,0,1,0,1,1,0,0,0,0,1,0,1,0,1,0,0,0,1,1,0,0,0,1,0,0
2015,"MU",291120,183,0,0,27,156,5,25,40,10,76,103,80,12,0,2,2,0,0,1,0,0,0,2,0,1,1,0,0,0,0,1,1,0,1,0,0,0,0
2015,"MU",291125,20,0,0,1,19,2,5,2,3,7,9,11,1,0,0,0,0,0,0,0,0,0,0,0,0,0,0,0,0,0,0,0,0,0,0,0,0,0
2015,"MU",291130,61,0,0,7,54,5,4,10,2,33,41,20,3,0,1,0,1,0,0,0,0,0,1,0,0,0,0,0,0,0,0,0,0,0,0,0,0,0
2015,"MU",291140,89,0,0,12,77,2,12,39,9,15,43,46,6,0,0,0,0,0,0,0,0,0,0,0,0,0,0,0,0,0,0,0,0,0,0,0,0,0
2015,"MU",291150,44,0,0,3,41,0,4,4,5,28,22,22,3,0,0,0,0,0,0,0,0,0,0,0,0,0,0,0,0,0,0,0,0,0,0,0,0,0
2015,"MU",291160,146,0,0,28,118,7,25,41,7,38,90,56,9,0,0,0,0,0,1,0,0,0,0,0,1,1,0,0,0,0,1,1,0,0,0,1,0,0
2015,"MU",291165,43,0,0,4,39,0,5,19,4,11,18,25,1,0,0,0,0,0,0,0,0,0,0,0,0,0,0,0,0,0,0,0,0,0,0,0,0,0
2015,"MU",291170,465,0,0,66,399,14,94,108,47,136,252,212,27,0,3,3,0,0,1,0,0,0,3,0,3,1,0,0,1,1,2,2,0,1,1,0,0,0
2015,"MU",291180,80,0,0,17,63,3,16,22,3,19,51,29,3,0,1,0,1,0,0,0,0,0,1,0,0,0,0,0,0,0,0,0,0,0,0,0,0,0
2015,"MU",291185,85,0,0,9,76,6,19,11,12,28,49,36,4,0,1,1,0,0,0,0,0,0,1,0,0,0,0,0,0,0,0,0,0,0,0,0,0,0
2015,"MU",291190,195,0,0,27,168,8,24,62,6,68,114,81,9,0,2,2,0,0,0,0,0,0,2,0,0,0,0,0,0,0,0,0,0,0,0,0,0,0
2015,"MU",291200,71,0,0,6,65,1,14,19,4,27,40,31,4,0,1,1,0,0,0,0,0,0,1,0,0,0,0,0,0,0,0,0,0,0,0,0,0,0
2015,"MU",291210,246,0,0,32,214,9,24,62,22,97,142,104,13,0,2,2,0,0,0,0,0,0,2,0,0,0,0,0,0,0,0,0,0,0,0,0,0,0
2015,"MU",291220,68,0,0,16,52,1,5,14,1,31,42,26,5,0,1,1,0,0,0,0,0,0,1,0,0,0,0,0,0,0,0,0,0,0,0,0,0,0
2015,"MU",291230,108,0,0,13,95,3,9,28,10,45,69,39,2,0,1,1,0,0,0,0,0,0,1,0,0,0,0,0,0,0,0,0,0,0,0,0,0,0
2015,"MU",291240,106,0,0,9,97,5,21,35,8,28,58,48,2,0,0,0,0,0,0,0,0,0,0,0,1,0,0,0,0,1,0,0,0,0,0,0,0,0
2015,"MU",291250,89,0,0,8,81,7,17,29,5,23,52,37,2,0,0,0,0,0,0,0,0,0,0,0,0,0,0,0,0,0,0,0,0,0,0,0,0,0
2015,"MU",291260,18,0,0,3,15,1,0,7,1,6,6,12,1,0,1,0,1,0,0,0,0,0,1,0,1,0,1,0,0,0,1,1,0,0,1,0,0,0
2015,"MU",291270,142,0,0,22,120,5,15,20,12,68,90,52,5,0,1,1,0,0,0,0,0,0,1,0,0,0,0,0,0,0,0,0,0,0,0,0,0,0
2015,"MU",291280,66,0,0,7,59,4,12,16,7,20,41,25,5,0,1,0,1,0,0,0,0,0,0,0,1,0,1,0,0,0,1,0,0,0,0,0,0,0
2015,"MU",291290,151,0,0,12,139,3,15,54,9,58,86,65,6,0,2,2,0,0,0,0,0,0,1,0,0,0,0,0,0,0,0,0,0,0,0,0,0,0
2015,"MU",291300,101,0,0,11,90,3,5,20,3,59,52,49,7,0,0,0,0,0,0,0,0,0,0,0,0,0,0,0,0,0,0,0,0,0,0,0,0,0
2015,"MU",291310,104,0,0,14,90,5,9,28,4,44,62,42,3,0,0,0,0,0,0,0,0,0,0,0,0,0,0,0,0,0,0,0,0,0,0,0,0,0
2015,"MU",291320,180,0,0,33,147,9,15,51,9,63,108,71,8,0,1,1,0,0,0,0,0,0,0,0,0,0,0,0,0,0,0,0,0,0,0,0,0,0
2015,"MU",291330,40,0,0,3,37,1,5,6,1,24,20,20,1,0,1,0,1,0,0,1,0,0,0,0,0,0,0,0,0,0,0,0,0,0,0,0,0,0
2015,"MU",291340,75,0,0,13,62,6,9,16,8,23,42,33,4,0,0,0,0,0,0,0,0,0,0,0,0,0,0,0,0,0,0,0,0,0,0,0,0,0
2015,"MU",291345,44,0,0,7,37,0,9,12,2,14,25,19,1,0,0,0,0,0,0,0,0,0,0,0,0,0,0,0,0,0,0,0,0,0,0,0,0,0
2015,"MU",291350,155,0,0,8,147,1,17,43,13,73,89,66,6,0,1,1,0,0,0,0,0,0,0,0,1,0,0,0,1,0,1,1,0,0,0,0,0,0
2015,"MU",291360,1336,0,0,169,1167,60,170,312,101,524,775,560,66,0,11,10,1,0,0,0,0,0,7,0,1,0,0,0,1,0,1,1,0,0,0,0,0,0
2015,"MU",291370,230,0,0,38,192,10,24,38,19,101,139,91,13,0,3,2,1,0,1,0,0,0,1,0,1,1,0,0,0,0,1,1,0,0,0,1,0,0
2015,"MU",291380,82,0,0,5,77,1,13,26,3,34,49,33,3,0,0,0,0,0,0,0,0,0,0,0,0,0,0,0,0,0,0,0,0,0,0,0,0,0
2015,"MU",291390,372,0,0,47,325,13,36,67,27,182,208,164,22,0,2,2,0,0,0,0,0,0,2,0,0,0,0,0,0,0,0,0,0,0,0,0,0,0
2015,"MU",291400,461,0,0,57,404,18,29,69,16,272,252,208,20,0,2,2,0,0,0,0,0,0,1,0,2,0,0,1,0,1,1,1,0,0,0,0,0,0
2015,"MU",291410,80,0,0,5,75,3,9,22,7,34,50,30,1,0,0,0,0,0,0,0,0,0,0,0,0,0,0,0,0,0,0,0,0,0,0,0,0,0
2015,"MU",291420,45,0,0,3,42,2,4,8,3,25,25,20,3,0,1,1,0,0,2,1,0,0,0,0,2,2,0,0,0,0,2,2,0,0,1,0,0,0
2015,"MU",291430,48,0,0,5,43,3,5,10,5,20,27,21,6,0,1,1,0,0,0,1,0,0,0,0,0,0,0,0,0,0,0,0,0,0,0,0,0,0
2015,"MU",291440,149,0,0,13,136,14,38,38,6,40,89,60,6,0,3,2,1,0,0,1,0,0,1,0,0,0,0,0,0,0,0,0,0,0,0,0,0,0
2015,"MU",291450,206,0,0,24,182,7,20,40,19,96,113,93,7,0,2,2,0,0,0,0,0,0,2,0,0,0,0,0,0,0,0,0,0,0,0,0,0,0
2015,"MU",291460,353,0,0,77,276,21,47,79,35,94,221,132,13,0,1,1,0,1,0,0,0,0,0,0,1,0,0,0,1,0,1,1,0,0,0,1,0,0
2015,"MU",291465,192,0,0,48,144,10,22,66,11,35,129,63,16,0,2,1,1,0,1,0,0,0,2,0,2,1,0,0,1,0,2,2,0,2,0,0,0,0
2015,"MU",291470,423,0,0,61,362,18,51,114,33,146,243,180,18,0,8,8,0,0,0,0,2,0,6,0,1,0,1,0,0,0,1,1,0,0,0,1,0,0
2015,"MU",291480,1578,0,0,196,1382,100,251,395,123,513,909,668,83,0,10,9,1,1,1,1,1,0,8,0,2,1,0,0,1,0,2,2,0,2,0,0,0,0
2015,"MU",291490,99,0,0,23,76,4,7,26,5,34,67,32,2,0,0,0,0,0,0,0,0,0,0,0,0,0,0,0,0,0,0,0,0,0,0,0,0,0
2015,"MU",291500,63,0,0,8,55,2,5,13,5,30,36,27,5,0,1,1,0,0,0,0,0,0,1,0,1,0,1,0,0,0,1,1,0,0,0,1,0,0
2015,"MU",291510,102,0,0,8,94,5,10,26,12,41,52,50,3,0,2,2,0,0,0,0,0,0,1,0,0,0,0,0,0,0,0,0,0,0,0,0,0,0
2015,"MU",291520,82,0,0,14,68,1,11,17,4,35,43,39,4,0,1,1,0,0,0,0,0,0,1,0,1,0,0,0,0,1,0,0,0,0,0,0,0,0
2015,"MU",291530,56,0,0,9,47,1,6,13,8,19,32,24,3,0,3,3,0,0,0,1,0,0,2,0,0,0,0,0,0,0,0,0,0,0,0,0,0,0
2015,"MU",291535,63,0,0,16,47,2,8,13,4,20,44,19,2,0,2,1,1,0,0,0,0,0,2,0,0,0,0,0,0,0,0,0,0,0,0,0,0,0
2015,"MU",291540,37,0,0,4,33,2,3,9,0,19,24,13,3,0,0,0,0,0,0,0,0,0,0,0,0,0,0,0,0,0,0,0,0,0,0,0,0,0
2015,"MU",291550,196,0,0,21,175,3,29,42,23,78,117,79,9,0,0,0,0,0,0,0,0,0,0,0,0,0,0,0,0,0,0,0,0,0,0,0,0,0
2015,"MU",291560,421,0,0,71,350,28,54,103,20,145,253,168,19,0,2,2,0,0,0,0,0,0,2,0,1,0,0,0,1,0,1,1,0,0,0,1,0,0
2015,"MU",291570,54,0,0,8,46,0,4,20,5,17,37,17,2,0,0,0,0,0,0,0,0,0,0,0,0,0,0,0,0,0,0,0,0,0,0,0,0,0
2015,"MU",291580,158,0,0,13,145,4,11,20,9,101,93,65,11,0,3,3,0,0,0,0,0,0,2,0,0,0,0,0,0,0,0,0,0,0,0,0,0,0
2015,"MU",291590,33,0,0,7,26,1,6,11,4,4,24,9,1,0,1,1,0,0,0,0,0,0,1,0,0,0,0,0,0,0,0,0,0,0,0,0,0,0
2015,"MU",291600,132,0,0,9,123,3,29,34,12,45,87,45,8,0,0,0,0,0,0,0,0,0,0,0,1,0,1,0,0,0,1,1,0,0,0,1,0,0
2015,"MU",291610,132,0,0,16,116,6,20,26,7,57,76,56,6,0,3,3,0,0,0,0,0,0,3,0,0,0,0,0,0,0,0,0,0,0,0,0,0,0
2015,"MU",291620,86,0,0,9,77,1,11,25,10,30,40,46,2,0,0,0,0,0,0,0,0,0,0,0,0,0,0,0,0,0,0,0,0,0,0,0,0,0
2015,"MU",291630,69,0,0,13,56,2,6,23,1,24,45,24,4,0,0,0,0,0,0,0,0,0,0,0,1,0,0,0,1,0,1,1,0,0,0,0,0,1
2015,"MU",291640,474,0,0,60,414,18,45,111,46,194,261,213,31,0,1,1,0,0,0,0,0,0,1,0,1,0,0,0,0,1,0,0,0,0,0,0,0,0
2015,"MU",291650,161,0,0,25,136,5,20,45,10,56,97,64,7,0,2,1,1,0,0,0,0,0,2,0,0,0,0,0,0,0,0,0,0,0,0,0,0,0
2015,"MU",291660,69,0,0,5,64,2,7,12,13,30,38,31,4,0,1,1,0,0,0,0,0,0,1,0,0,0,0,0,0,0,0,0,0,0,0,0,0,0
2015,"MU",291670,67,0,0,2,65,3,3,12,7,40,38,29,6,0,1,1,0,0,0,1,0,0,0,0,0,0,0,0,0,0,0,0,0,0,0,0,0,0
2015,"MU",291680,103,0,0,10,93,5,7,17,6,58,58,45,6,0,2,1,1,0,0,0,1,0,1,0,0,0,0,0,0,0,0,0,0,0,0,0,0,0
2015,"MU",291685,108,0,0,17,91,1,11,35,7,37,65,43,5,0,1,1,0,0,0,0,0,0,1,0,0,0,0,0,0,0,0,0,0,0,0,0,0,0
2015,"MU",291690,110,0,0,11,99,2,8,21,2,66,61,49,5,0,3,3,0,0,0,0,0,0,2,0,0,0,0,0,0,0,0,0,0,0,0,0,0,0
2015,"MU",291700,240,0,0,27,213,13,24,61,19,96,123,117,12,0,0,0,0,0,0,0,0,0,0,0,0,0,0,0,0,0,0,0,0,0,0,0,0,0
2015,"MU",291710,127,0,0,10,117,4,14,37,6,56,71,56,4,0,2,0,2,0,0,1,0,0,1,0,0,0,0,0,0,0,0,0,0,0,0,0,0,0
2015,"MU",291720,110,0,0,7,103,7,10,39,5,42,49,61,10,0,3,3,0,0,0,0,0,0,3,0,0,0,0,0,0,0,0,0,0,0,0,0,0,0
2015,"MU",291730,148,0,0,20,128,8,17,43,9,51,84,63,6,0,1,1,0,0,0,0,0,0,1,0,0,0,0,0,0,0,0,0,0,0,0,0,0,0
2015,"MU",291733,48,0,0,7,41,1,6,11,3,20,31,17,1,0,0,0,0,0,0,0,0,0,0,0,0,0,0,0,0,0,0,0,0,0,0,0,0,0
2015,"MU",291735,49,0,0,7,42,3,8,13,6,12,31,18,4,0,0,0,0,0,0,0,0,0,0,0,0,0,0,0,0,0,0,0,0,0,0,0,0,0
2015,"MU",291740,100,0,0,7,93,2,20,34,10,27,52,48,4,0,0,0,0,0,0,0,0,0,0,0,0,0,0,0,0,0,0,0,0,0,0,0,0,0
2015,"MU",291750,537,0,0,81,456,24,46,113,29,244,314,223,28,0,6,3,3,0,0,3,0,0,2,0,4,0,1,0,3,0,4,4,0,1,0,1,0,0
2015,"MU",291760,311,0,0,38,273,12,38,58,16,149,175,136,14,0,1,0,1,0,1,0,0,0,1,0,1,1,0,0,0,0,1,1,0,0,0,0,0,0
2015,"MU",291770,217,0,0,25,192,7,14,28,12,131,127,90,10,0,3,3,0,0,0,1,0,0,0,0,0,0,0,0,0,0,0,0,0,0,0,0,0,0
2015,"MU",291780,85,0,0,18,67,5,10,22,4,26,48,37,9,0,0,0,0,0,0,0,0,0,0,0,0,0,0,0,0,0,0,0,0,0,0,0,0,0
2015,"MU",291790,60,0,0,12,48,4,4,15,9,16,40,20,4,0,0,0,0,0,0,0,0,0,0,0,0,0,0,0,0,0,0,0,0,0,0,0,0,0
2015,"MU",291800,1130,0,0,175,955,26,118,168,76,567,645,485,60,0,14,9,5,0,1,0,0,0,11,0,3,1,0,0,1,1,2,2,0,0,1,0,0,0
2015,"MU",291810,213,0,0,28,185,7,33,72,11,62,113,100,18,0,1,1,0,0,0,0,0,0,1,0,1,0,1,0,0,0,1,1,0,1,0,0,0,0
2015,"MU",291820,88,0,0,10,78,3,12,26,9,28,52,36,5,0,0,0,0,0,0,0,0,0,0,0,0,0,0,0,0,0,0,0,0,0,0,0,0,0
2015,"MU",291830,107,0,0,6,101,8,10,31,8,44,55,52,5,0,2,2,0,0,0,0,0,0,0,0,0,0,0,0,0,0,0,0,0,0,0,0,0,0
2015,"MU",291835,126,0,0,21,105,4,19,26,15,41,81,45,6,0,2,2,0,0,0,0,0,0,1,0,0,0,0,0,0,0,0,0,0,0,0,0,0,0
2015,"MU",291840,1270,0,0,211,1059,54,200,278,99,428,708,562,86,0,22,20,2,0,1,4,0,0,14,0,4,1,0,0,2,1,3,3,0,0,1,1,0,1
2015,"MU",291845,42,0,0,5,37,2,4,6,3,22,27,15,1,0,0,0,0,0,0,0,0,0,0,0,0,0,0,0,0,0,0,0,0,0,0,0,0,0
2015,"MU",291850,103,0,0,14,89,5,15,33,6,30,68,35,4,0,0,0,0,0,0,0,0,0,0,0,0,0,0,0,0,0,0,0,0,0,0,0,0,0
2015,"MU",291855,50,0,0,7,43,4,4,19,3,13,26,24,3,0,0,0,0,0,0,0,0,0,0,0,0,0,0,0,0,0,0,0,0,0,0,0,0,0
2015,"MU",291860,76,0,0,6,70,5,18,26,3,18,43,33,3,0,0,0,0,0,0,0,0,0,0,0,0,0,0,0,0,0,0,0,0,0,0,0,0,0
2015,"MU",291870,24,0,0,4,20,1,1,2,2,14,17,7,0,0,0,0,0,0,0,0,0,0,0,0,0,0,0,0,0,0,0,0,0,0,0,0,0,0
2015,"MU",291875,66,0,0,5,61,1,17,15,4,24,44,22,2,0,0,0,0,0,0,0,0,0,0,0,0,0,0,0,0,0,0,0,0,0,0,0,0,0
2015,"MU",291880,137,0,0,22,115,2,12,43,10,48,84,53,10,0,0,0,0,0,0,0,0,0,0,0,1,0,0,1,0,0,1,1,0,1,0,0,0,0
2015,"MU",291890,32,0,0,4,28,2,3,10,3,10,19,13,2,0,1,1,0,0,0,0,0,0,1,0,0,0,0,0,0,0,0,0,0,0,0,0,0,0
2015,"MU",291900,20,0,0,2,18,1,4,6,0,7,8,12,1,0,0,0,0,0,0,0,0,0,0,0,0,0,0,0,0,0,0,0,0,0,0,0,0,0
2015,"MU",291905,52,0,0,3,49,1,4,7,9,28,23,29,2,0,0,0,0,0,0,0,0,0,0,0,0,0,0,0,0,0,0,0,0,0,0,0,0,0
2015,"MU",291910,47,0,0,4,43,1,3,22,1,16,27,20,3,0,0,0,0,0,0,0,0,0,0,0,0,0,0,0,0,0,0,0,0,0,0,0,0,0
2015,"MU",291915,169,0,0,23,146,8,33,42,19,44,95,74,10,0,2,2,0,0,0,0,0,0,1,0,0,0,0,0,0,0,0,0,0,0,0,0,0,0
2015,"MU",291920,1175,0,0,237,938,67,192,241,123,315,721,454,62,0,11,10,1,0,1,0,0,0,10,0,3,1,0,1,1,0,3,3,0,2,1,0,0,0
2015,"MU",291930,53,0,0,8,45,3,6,19,2,15,37,16,1,0,1,1,0,0,0,0,0,0,1,0,0,0,0,0,0,0,0,0,0,0,0,0,0,0
2015,"MU",291940,75,0,0,8,67,2,5,25,12,23,39,36,2,0,1,1,0,0,0,1,0,0,0,0,0,0,0,0,0,0,0,0,0,0,0,0,0,0
2015,"MU",291950,215,0,0,30,185,14,34,58,29,50,134,81,3,0,2,2,0,0,0,2,0,0,0,0,0,0,0,0,0,0,0,0,0,0,0,0,0,0
2015,"MU",291955,264,0,0,97,167,10,20,43,16,78,177,87,30,0,4,4,0,0,0,2,0,0,2,0,0,0,0,0,0,0,0,0,0,0,0,0,0,0
2015,"MU",291960,68,0,0,3,65,5,10,15,4,31,34,34,1,0,0,0,0,0,0,0,0,0,0,0,0,0,0,0,0,0,0,0,0,0,0,0,0,0
2015,"MU",291970,96,0,0,6,90,6,8,18,5,53,62,34,7,0,3,3,0,0,0,3,0,0,0,0,0,0,0,0,0,0,0,0,0,0,0,0,0,0
2015,"MU",291980,243,0,0,26,217,7,32,58,10,110,120,123,15,0,1,1,0,1,0,1,0,0,0,0,0,0,0,0,0,0,0,0,0,0,0,0,0,0
2015,"MU",291990,43,0,0,3,40,1,5,11,6,17,23,20,1,0,0,0,0,0,0,0,0,0,0,0,0,0,0,0,0,0,0,0,0,0,0,0,0,0
2015,"MU",291992,109,0,0,12,97,5,17,31,14,30,62,47,6,0,3,3,0,0,0,1,0,0,2,0,1,0,1,0,0,0,1,1,0,0,0,1,0,0
2015,"MU",291995,43,0,0,2,41,0,3,21,6,11,22,21,2,0,0,0,0,0,0,0,0,0,0,0,0,0,0,0,0,0,0,0,0,0,0,0,0,0
2015,"MU",292000,46,0,0,2,44,3,2,13,5,21,23,23,0,0,1,1,0,0,0,1,0,0,0,0,0,0,0,0,0,0,0,0,0,0,0,0,0,0
2015,"MU",292010,146,0,0,17,129,9,18,33,5,64,75,70,3,0,1,0,1,0,0,1,0,0,0,0,0,0,0,0,0,0,0,0,0,0,0,0,0,0
2015,"MU",292020,77,0,0,7,70,1,6,14,13,36,49,28,2,0,0,0,0,0,0,0,0,0,0,0,0,0,0,0,0,0,0,0,0,0,0,0,0,0
2015,"MU",292030,38,0,0,2,36,2,9,8,3,14,25,13,2,0,0,0,0,0,0,0,0,0,0,0,0,0,0,0,0,0,0,0,0,0,0,0,0,0
2015,"MU",292040,92,0,0,9,83,2,13,10,5,53,46,46,6,0,0,0,0,0,0,0,0,0,0,0,0,0,0,0,0,0,0,0,0,0,0,0,0,0
2015,"MU",292045,30,0,0,9,21,2,2,6,3,8,17,13,4,0,1,1,0,0,0,0,0,0,1,0,0,0,0,0,0,0,0,0,0,0,0,0,0,0
2015,"MU",292050,155,0,0,20,135,5,12,33,7,78,82,73,13,0,2,2,0,0,1,2,0,0,0,0,1,1,0,0,0,0,1,1,0,0,0,0,0,0
2015,"MU",292060,261,0,0,24,237,12,35,97,22,71,142,119,12,0,2,2,0,0,0,1,0,0,1,0,1,0,0,0,0,1,0,0,0,0,0,0,0,0
2015,"MU",292070,45,0,0,12,33,3,7,6,2,15,32,13,3,0,1,1,0,0,0,0,0,0,1,0,1,0,0,0,1,0,1,1,0,0,0,0,0,0
2015,"MU",292080,53,0,0,7,46,1,8,13,5,19,27,26,1,0,2,1,1,0,0,0,0,0,1,0,0,0,0,0,0,0,0,0,0,0,0,0,0,0
2015,"MU",292090,77,0,0,18,59,1,7,8,3,40,53,22,3,0,1,1,0,0,0,0,0,0,1,0,0,0,0,0,0,0,0,0,0,0,0,0,0,0
2015,"MU",292100,242,0,0,38,204,18,31,61,25,69,134,108,17,0,2,1,1,0,0,0,0,0,2,0,1,0,0,0,0,1,0,0,0,0,0,0,0,0
2015,"MU",292105,61,0,0,7,54,4,5,19,10,16,37,24,4,0,0,0,0,0,1,0,0,0,0,0,1,1,0,0,0,0,1,0,0,1,0,0,0,0
2015,"MU",292110,161,0,0,19,142,5,19,47,14,57,94,67,12,0,1,1,0,0,0,0,0,0,1,0,0,0,0,0,0,0,0,0,0,0,0,0,0,0
2015,"MU",292120,189,0,0,18,171,10,21,36,7,97,98,91,9,0,0,0,0,0,0,0,0,0,0,0,0,0,0,0,0,0,0,0,0,0,0,0,0,0
2015,"MU",292130,87,0,0,13,74,2,13,27,6,26,47,40,9,0,0,0,0,0,0,0,0,0,0,0,0,0,0,0,0,0,0,0,0,0,0,0,0,0
2015,"MU",292140,85,0,0,7,78,4,6,16,2,50,55,30,4,0,1,1,0,1,0,0,0,0,1,0,1,0,0,0,0,1,0,0,0,0,0,0,0,0
2015,"MU",292145,42,0,0,1,41,2,3,12,4,20,20,22,3,0,2,2,0,0,0,2,0,0,0,0,0,0,0,0,0,0,0,0,0,0,0,0,0,0
2015,"MU",292150,315,0,0,27,288,13,11,43,14,207,169,146,19,0,3,2,1,0,0,0,1,0,1,0,0,0,0,0,0,0,0,0,0,0,0,0,0,0
2015,"MU",292160,44,0,0,2,42,2,2,7,2,29,27,17,1,0,0,0,0,0,0,0,0,0,0,0,0,0,0,0,0,0,0,0,0,0,0,0,0,0
2015,"MU",292170,211,0,0,27,184,10,25,68,17,64,118,93,12,0,5,4,1,1,0,1,1,0,2,0,0,0,0,0,0,0,0,0,0,0,0,0,0,0
2015,"MU",292180,93,0,0,6,87,3,6,20,8,50,48,45,3,0,0,0,0,0,0,0,0,0,0,0,0,0,0,0,0,0,0,0,0,0,0,0,0,0
2015,"MU",292190,54,0,0,3,51,0,9,21,3,18,27,27,3,0,0,0,0,0,0,0,0,0,0,0,0,0,0,0,0,0,0,0,0,0,0,0,0,0
2015,"MU",292200,195,0,0,39,156,10,25,39,13,69,124,71,13,0,3,2,1,0,0,1,0,0,2,0,0,0,0,0,0,0,0,0,0,0,0,0,0,0
2015,"MU",292205,49,0,0,6,43,4,3,10,8,18,31,18,1,0,1,1,0,0,0,0,0,0,1,0,0,0,0,0,0,0,0,0,0,0,0,0,0,0
2015,"MU",292210,134,0,0,12,122,6,6,20,14,76,73,61,7,0,2,1,1,0,1,0,0,0,1,0,1,1,0,0,0,0,1,1,0,0,0,0,0,0
2015,"MU",292220,46,0,0,4,42,5,3,15,2,17,29,17,0,0,0,0,0,0,0,0,0,0,0,0,0,0,0,0,0,0,0,0,0,0,0,0,0,0
2015,"MU",292225,42,0,0,10,32,3,5,8,3,13,26,16,4,0,1,1,0,0,0,0,0,0,1,0,0,0,0,0,0,0,0,0,0,0,0,0,0,0
2015,"MU",292230,190,0,0,22,168,11,22,54,19,62,109,81,12,0,1,1,0,0,0,0,0,0,1,0,0,0,0,0,0,0,0,0,0,0,0,0,0,0
2015,"MU",292240,133,0,0,16,117,6,21,25,20,45,67,66,5,0,0,0,0,0,0,0,0,0,0,0,0,0,0,0,0,0,0,0,0,0,0,0,0,0
2015,"MU",292250,199,0,0,24,175,11,22,74,10,58,117,82,9,0,0,0,0,0,0,0,0,0,0,0,1,0,1,0,0,0,1,0,0,0,0,0,0,0
2015,"MU",292260,61,0,0,4,57,0,8,17,5,27,35,26,5,0,0,0,0,0,0,0,0,0,0,0,0,0,0,0,0,0,0,0,0,0,0,0,0,0
2015,"MU",292265,59,0,0,9,50,3,5,22,3,17,41,18,1,0,1,1,0,0,0,0,0,0,1,0,0,0,0,0,0,0,0,0,0,0,0,0,0,0
2015,"MU",292270,96,0,0,5,91,2,9,22,4,54,51,45,4,0,1,1,0,0,0,0,0,0,1,0,1,0,0,0,0,1,0,0,0,0,0,0,0,0
2015,"MU",292273,54,0,0,8,46,2,6,17,4,17,36,18,1,0,0,0,0,0,0,0,0,0,0,0,0,0,0,0,0,0,0,0,0,0,0,0,0,0
2015,"MU",292275,41,0,0,2,39,1,6,10,2,20,25,16,5,0,0,0,0,0,1,0,0,0,0,0,1,1,0,0,0,0,1,1,0,0,1,0,0,0
2015,"MU",292280,40,0,0,4,36,0,5,14,5,12,25,15,0,0,0,0,0,0,0,0,0,0,0,0,0,0,0,0,0,0,0,0,0,0,0,0,0,0
2015,"MU",292285,44,0,0,5,39,0,8,13,1,17,25,18,1,0,0,0,0,0,0,0,0,0,0,0,0,0,0,0,0,0,0,0,0,0,0,0,0,0
2015,"MU",292290,181,0,0,24,157,9,7,28,7,106,111,70,7,0,3,2,1,0,0,0,0,0,2,0,0,0,0,0,0,0,0,0,0,0,0,0,0,0
2015,"MU",292300,222,0,0,42,180,10,23,46,14,87,130,92,17,0,3,3,0,0,1,0,1,0,2,0,3,1,1,0,0,1,2,2,0,2,0,0,0,0
2015,"MU",292303,61,0,0,4,57,4,8,17,6,22,34,27,5,0,3,2,1,0,0,0,0,0,3,0,0,0,0,0,0,0,0,0,0,0,0,0,0,0
2015,"MU",292305,49,0,0,4,45,1,11,8,2,23,26,23,3,0,0,0,0,0,0,0,0,0,0,0,0,0,0,0,0,0,0,0,0,0,0,0,0,0
2015,"MU",292310,176,0,0,22,154,8,24,38,7,77,93,83,10,0,3,3,0,0,0,1,0,0,2,0,1,0,0,0,0,1,0,0,0,0,0,0,0,0
2015,"MU",292320,142,0,0,21,121,3,13,37,13,55,78,64,12,0,1,0,1,0,0,0,0,0,1,0,1,0,0,0,0,1,0,0,0,0,0,0,0,0
2015,"MU",292330,69,0,0,9,60,3,6,14,5,32,43,26,2,0,0,0,0,0,0,0,0,0,0,0,1,0,0,0,1,0,1,1,0,0,1,0,0,0
2015,"MU",292335,70,0,0,15,55,2,5,10,2,36,45,25,3,0,2,1,1,0,0,1,0,0,1,0,0,0,0,0,0,0,0,0,0,0,0,0,0,0
2015,"MU",292340,126,0,0,15,111,4,14,31,11,51,72,54,5,0,0,0,0,0,0,0,0,0,0,0,0,0,0,0,0,0,0,0,0,0,0,0,0,0
2015,"MU",292350,57,0,0,7,50,1,4,10,1,34,30,27,6,0,0,0,0,0,0,0,0,0,0,0,0,0,0,0,0,0,0,0,0,0,0,0,0,0
2015,"MU",292360,122,0,0,13,109,4,25,38,16,26,61,60,2,0,0,0,0,0,0,0,0,0,0,0,0,0,0,0,0,0,0,0,0,0,0,0,0,0
2015,"MU",292370,144,0,0,9,135,5,8,20,17,85,76,68,7,0,1,1,0,0,0,0,0,0,0,0,0,0,0,0,0,0,0,0,0,0,0,0,0,0
2015,"MU",292380,162,0,0,10,152,8,19,40,14,71,95,67,4,0,0,0,0,0,0,0,0,0,0,0,0,0,0,0,0,0,0,0,0,0,0,0,0,0
2015,"MU",292390,60,0,0,8,52,2,6,17,4,23,36,24,5,0,0,0,0,0,0,0,0,0,0,0,0,0,0,0,0,0,0,0,0,0,0,0,0,0
2015,"MU",292400,716,0,0,113,603,29,104,199,66,205,435,280,30,0,10,9,1,0,0,2,0,0,6,0,1,0,0,0,1,0,1,1,0,0,0,1,0,0
2015,"MU",292405,83,0,0,6,77,6,10,23,6,32,43,40,6,0,0,0,0,0,0,0,0,0,0,0,1,0,0,0,1,0,1,1,0,0,0,1,0,0
2015,"MU",292410,48,0,0,6,42,1,4,16,6,15,31,17,3,0,0,0,0,0,0,0,0,0,0,0,0,0,0,0,0,0,0,0,0,0,0,0,0,0
2015,"MU",292420,45,0,0,7,38,1,6,15,5,11,29,16,2,0,0,0,0,0,0,0,0,0,0,0,0,0,0,0,0,0,0,0,0,0,0,0,0,0
2015,"MU",292430,145,0,0,12,133,3,12,28,7,83,79,66,3,0,1,1,0,0,0,0,0,0,0,0,0,0,0,0,0,0,0,0,0,0,0,0,0,0
2015,"MU",292440,141,0,0,12,129,4,12,49,9,55,91,50,6,0,4,3,1,0,0,0,0,0,2,0,0,0,0,0,0,0,0,0,0,0,0,0,0,0
2015,"MU",292450,90,0,0,16,74,2,7,14,3,48,60,30,1,0,1,1,0,0,0,0,0,0,1,0,0,0,0,0,0,0,0,0,0,0,0,0,0,0
2015,"MU",292460,111,0,0,16,95,3,8,22,14,48,68,43,6,0,0,0,0,0,0,0,0,0,0,0,0,0,0,0,0,0,0,0,0,0,0,0,0,0
2015,"MU",292465,66,0,0,9,57,3,6,14,1,33,43,23,4,0,0,0,0,0,0,0,0,0,0,0,1,0,0,0,1,0,1,1,0,0,0,0,0,0
2015,"MU",292467,40,0,0,4,36,0,8,9,3,16,21,19,2,0,1,1,0,0,0,0,0,0,1,0,0,0,0,0,0,0,0,0,0,0,0,0,0,0
2015,"MU",292470,63,0,0,7,56,3,7,22,1,23,35,28,4,0,0,0,0,0,1,0,0,0,0,0,1,1,0,0,0,0,1,1,0,0,1,0,0,0
2015,"MU",292480,131,0,0,21,110,8,11,24,6,61,80,51,6,0,1,1,0,0,0,0,0,0,1,0,1,0,0,0,0,1,0,0,0,0,0,0,0,0
2015,"MU",292490,49,0,0,6,43,2,4,15,2,20,28,21,2,0,1,1,0,0,0,0,0,0,0,0,0,0,0,0,0,0,0,0,0,0,0,0,0,0
2015,"MU",292500,169,0,0,28,141,7,22,33,15,64,105,64,11,0,0,0,0,1,0,0,0,0,0,0,0,0,0,0,0,0,0,0,0,0,0,0,0,0
2015,"MU",292510,327,0,0,39,288,13,45,93,18,119,190,137,10,0,3,2,1,0,0,0,0,0,3,0,1,0,0,0,1,0,1,1,0,0,0,1,0,0
2015,"MU",292520,213,0,0,56,157,5,25,49,15,63,128,85,17,0,2,2,0,0,0,1,0,0,0,0,0,0,0,0,0,0,0,0,0,0,0,0,0,0
2015,"MU",292525,112,0,0,14,98,4,14,26,3,51,64,48,7,0,1,1,0,0,0,1,0,0,0,0,0,0,0,0,0,0,0,0,0,0,0,0,0,0
2015,"MU",292530,671,0,0,172,499,22,77,155,60,185,434,237,52,0,16,11,5,0,1,1,0,0,13,1,3,1,0,0,2,0,3,3,0,2,0,1,0,0
2015,"MU",292540,44,0,0,5,39,0,2,17,8,12,25,19,1,0,0,0,0,0,0,0,0,0,0,0,0,0,0,0,0,0,0,0,0,0,0,0,0,0
2015,"MU",292550,147,0,0,29,118,4,15,34,12,53,87,60,11,0,2,1,1,0,0,0,0,0,1,0,0,0,0,0,0,0,0,0,0,0,0,0,0,0
2015,"MU",292560,87,0,0,18,69,6,9,26,11,17,52,35,1,0,0,0,0,0,0,0,0,0,0,0,0,0,0,0,0,0,0,0,0,0,0,0,0,0
2015,"MU",292570,82,0,0,3,79,1,12,34,5,27,42,40,3,0,2,2,0,0,0,2,0,0,0,0,0,0,0,0,0,0,0,0,0,0,0,0,0,0
2015,"MU",292575,147,0,0,30,117,4,12,28,2,71,92,55,11,0,2,2,0,0,0,0,0,0,2,0,0,0,0,0,0,0,0,0,0,0,0,0,0,0
2015,"MU",292580,128,0,0,16,112,2,7,15,5,83,63,65,9,0,2,2,0,0,0,0,0,0,0,0,1,0,0,0,1,0,1,1,0,0,0,0,0,0
2015,"MU",292590,157,0,0,18,139,6,16,34,14,69,90,67,6,0,2,2,0,0,1,1,0,0,0,0,1,1,0,0,0,0,1,1,0,0,1,0,0,0
2015,"MU",292593,38,0,0,4,34,0,5,9,1,19,20,18,2,0,0,0,0,0,0,0,0,0,0,0,1,0,1,0,0,0,1,1,0,1,0,0,0,0
2015,"MU",292595,153,0,0,23,130,10,12,29,14,65,85,68,5,0,1,1,0,0,0,0,0,0,1,0,0,0,0,0,0,0,0,0,0,0,0,0,0,0
2015,"MU",292600,207,0,0,31,176,8,25,57,14,72,110,97,11,0,4,4,0,0,0,0,0,0,3,0,1,0,0,0,1,0,1,1,0,0,0,0,0,1
2015,"MU",292610,66,0,0,8,58,5,5,11,8,29,45,21,4,0,0,0,0,0,0,0,0,0,0,0,0,0,0,0,0,0,0,0,0,0,0,0,0,0
2015,"MU",292620,154,0,0,21,133,11,9,32,8,73,88,66,9,0,2,2,0,0,0,0,0,0,2,0,0,0,0,0,0,0,0,0,0,0,0,0,0,0
2015,"MU",292630,242,0,0,35,207,10,30,76,15,76,133,109,13,0,1,0,1,0,0,0,0,0,1,0,0,0,0,0,0,0,0,0,0,0,0,0,0,0
2015,"MU",292640,175,0,0,15,160,9,15,34,16,86,96,79,14,0,2,2,0,0,0,0,0,0,1,0,0,0,0,0,0,0,0,0,0,0,0,0,0,0
2015,"MU",292650,76,0,0,7,69,3,13,20,8,25,44,32,1,0,1,1,0,0,0,0,1,0,0,0,0,0,0,0,0,0,0,0,0,0,0,0,0,0
2015,"MU",292660,319,0,0,39,280,15,38,79,30,118,184,135,23,0,0,0,0,0,0,0,0,0,0,0,1,0,0,0,1,0,1,1,0,0,0,1,0,0
2015,"MU",292665,36,0,0,3,33,0,3,8,3,19,17,19,2,0,1,0,1,0,0,1,0,0,0,0,0,0,0,0,0,0,0,0,0,0,0,0,0,0
2015,"MU",292670,112,0,0,6,106,1,15,46,14,30,61,51,4,0,0,0,0,0,0,0,0,0,0,0,0,0,0,0,0,0,0,0,0,0,0,0,0,0
2015,"MU",292680,73,0,0,6,67,2,11,29,4,21,38,35,4,0,0,0,0,0,0,0,0,0,0,0,1,0,0,0,1,0,1,1,0,0,1,0,0,0
2015,"MU",292690,64,0,0,4,60,2,5,19,6,28,32,32,5,0,0,0,0,0,0,0,0,0,0,0,0,0,0,0,0,0,0,0,0,0,0,0,0,0
2015,"MU",292700,261,0,0,43,218,8,20,70,19,101,150,111,13,0,4,2,2,0,0,1,0,0,3,0,0,0,0,0,0,0,0,0,0,0,0,0,0,0
2015,"MU",292710,53,0,0,15,38,1,8,8,5,16,30,23,3,0,0,0,0,0,0,0,0,0,0,0,0,0,0,0,0,0,0,0,0,0,0,0,0,0
2015,"MU",292720,263,0,0,31,232,11,24,68,10,119,145,117,13,0,1,0,1,0,0,0,0,0,1,0,0,0,0,0,0,0,0,0,0,0,0,0,0,0
2015,"MU",292730,98,0,0,15,83,5,23,21,5,29,61,37,8,0,0,0,0,0,0,0,0,0,0,0,0,0,0,0,0,0,0,0,0,0,0,0,0,0
2015,"MU",292740,16467,0,0,2494,13973,1090,3081,3771,1841,4190,8875,7589,991,0,151,126,25,8,15,20,15,0,93,0,36,15,1,2,12,6,30,27,0,6,9,7,1,0
2015,"MU",292750,162,0,0,9,153,7,21,59,12,54,95,67,9,0,0,0,0,0,0,0,0,0,0,0,0,0,0,0,0,0,0,0,0,0,0,0,0,0
2015,"MU",292760,87,0,0,13,74,4,17,20,7,26,58,29,6,0,1,1,0,0,0,1,0,0,0,0,0,0,0,0,0,0,0,0,0,0,0,0,0,0
2015,"MU",292770,156,0,0,54,102,5,21,39,8,29,110,46,12,0,3,1,2,0,0,0,0,0,3,0,1,0,1,0,0,0,1,1,0,0,0,0,0,1
2015,"MU",292780,39,0,0,6,33,0,7,10,2,14,23,16,3,0,0,0,0,0,0,0,0,0,0,0,0,0,0,0,0,0,0,0,0,0,0,0,0,0
2015,"MU",292790,91,0,0,5,86,2,6,22,6,50,45,46,1,0,0,0,0,0,0,0,0,0,0,0,0,0,0,0,0,0,0,0,0,0,0,0,0,0
2015,"MU",292800,227,0,0,16,211,9,19,61,23,99,137,90,8,0,2,2,0,0,0,0,0,0,2,0,0,0,0,0,0,0,0,0,0,0,0,0,0,0
2015,"MU",292805,90,0,0,30,60,2,5,20,5,28,66,24,5,0,1,1,0,0,0,0,0,0,1,0,0,0,0,0,0,0,0,0,0,0,0,0,0,0
2015,"MU",292810,220,0,0,31,189,4,10,44,30,101,128,92,10,0,3,1,2,0,0,1,0,0,1,0,0,0,0,0,0,0,0,0,0,0,0,0,0,0
2015,"MU",292820,88,0,0,10,78,1,9,26,7,35,46,42,5,0,2,2,0,1,0,1,0,0,1,0,0,0,0,0,0,0,0,0,0,0,0,0,0,0
2015,"MU",292830,57,0,0,6,51,1,7,23,4,16,33,24,1,0,0,0,0,0,0,0,0,0,0,0,0,0,0,0,0,0,0,0,0,0,0,0,0,0
2015,"MU",292840,151,0,0,29,122,10,15,44,13,40,99,52,5,0,3,3,0,0,0,0,0,0,0,0,1,0,0,0,1,0,1,1,0,0,0,1,0,0
2015,"MU",292850,74,0,0,6,68,0,8,29,5,26,40,34,2,0,1,1,0,0,0,1,0,0,0,0,0,0,0,0,0,0,0,0,0,0,0,0,0,0
2015,"MU",292860,393,0,0,49,344,15,57,103,30,139,217,176,29,0,4,3,1,0,0,0,1,0,3,0,0,0,0,0,0,0,0,0,0,0,0,0,0,0
2015,"MU",292870,580,0,0,75,505,41,67,147,61,189,321,259,25,0,5,5,0,0,0,1,0,0,4,0,3,0,2,0,0,1,2,2,0,0,0,2,0,0
2015,"MU",292880,353,0,0,47,306,20,53,91,27,115,192,161,26,0,3,2,1,0,0,1,1,0,1,0,1,0,0,0,1,0,1,1,0,0,0,1,0,0
2015,"MU",292890,99,0,0,21,78,9,10,16,11,32,69,30,10,0,4,3,1,0,0,0,0,0,4,0,0,0,0,0,0,0,0,0,0,0,0,0,0,0
2015,"MU",292895,59,0,0,14,45,1,10,21,4,9,33,26,4,0,0,0,0,0,0,0,0,0,0,0,0,0,0,0,0,0,0,0,0,0,0,0,0,0
2015,"MU",292900,88,0,0,9,79,12,11,19,6,31,36,52,2,0,0,0,0,0,0,0,0,0,0,0,0,0,0,0,0,0,0,0,0,0,0,0,0,0
2015,"MU",292905,74,0,0,12,62,2,6,24,6,24,45,29,6,0,2,2,0,0,0,0,1,0,1,0,0,0,0,0,0,0,0,0,0,0,0,0,0,0
2015,"MU",292910,130,0,0,18,112,9,19,50,6,28,59,71,5,0,0,0,0,0,0,0,0,0,0,0,0,0,0,0,0,0,0,0,0,0,0,0,0,0
2015,"MU",292920,207,0,0,33,174,12,34,51,25,52,124,83,16,0,1,1,0,0,0,0,1,0,0,0,0,0,0,0,0,0,0,0,0,0,0,0,0,0
2015,"MU",292925,95,0,0,13,82,3,12,18,2,47,56,39,7,0,5,3,2,0,1,1,0,0,4,0,1,1,0,0,0,0,1,1,0,0,0,1,0,0
2015,"MU",292930,201,0,0,27,174,3,23,47,14,87,119,82,10,0,1,1,0,0,0,0,0,0,1,0,1,0,0,0,1,0,1,1,0,0,0,0,0,0
2015,"MU",292935,52,0,0,11,41,5,4,9,3,20,28,24,4,0,0,0,0,0,0,0,0,0,0,0,0,0,0,0,0,0,0,0,0,0,0,0,0,0
2015,"MU",292937,55,0,0,8,47,3,4,10,1,29,34,21,1,0,0,0,0,0,0,0,0,0,0,0,0,0,0,0,0,0,0,0,0,0,0,0,0,0
2015,"MU",292940,68,0,0,10,58,4,11,21,6,16,35,33,4,0,2,1,1,0,0,0,0,0,1,0,0,0,0,0,0,0,0,0,0,0,0,0,0,0
2015,"MU",292950,272,0,0,38,234,17,36,64,32,85,156,116,13,0,0,0,0,0,0,0,0,0,0,0,1,0,1,0,0,0,1,1,0,0,0,0,0,0
2015,"MU",292960,109,0,0,9,100,7,20,36,8,29,56,53,2,0,1,0,1,0,0,0,0,0,1,0,0,0,0,0,0,0,0,0,0,0,0,0,0,0
2015,"MU",292970,101,0,0,15,86,2,14,27,10,33,59,42,7,0,0,0,0,0,0,0,0,0,0,0,1,0,1,0,0,0,1,1,0,0,0,0,0,0
2015,"MU",292975,81,0,0,11,70,2,11,18,3,36,51,30,4,0,0,0,0,0,0,0,0,0,0,0,0,0,0,0,0,0,0,0,0,0,0,0,0,0
2015,"MU",292980,86,0,0,7,79,2,7,37,5,28,50,36,6,0,0,0,0,0,0,0,0,0,0,0,0,0,0,0,0,0,0,0,0,0,0,0,0,0
2015,"MU",292990,235,0,0,28,207,7,22,39,9,130,136,98,14,0,2,2,0,0,0,1,0,0,0,0,1,0,1,0,0,0,1,1,0,0,0,0,0,0
2015,"MU",293000,57,0,0,7,50,5,11,13,2,19,37,20,3,0,0,0,0,0,0,0,0,0,0,0,0,0,0,0,0,0,0,0,0,0,0,0,0,0
2015,"MU",293010,581,0,0,59,522,16,60,109,30,307,332,248,28,0,4,3,1,0,0,0,0,0,4,0,1,0,0,0,1,0,1,1,0,1,0,0,0,0
2015,"MU",293015,166,0,0,21,145,5,13,36,5,86,102,64,6,0,4,3,1,0,0,1,1,0,2,0,0,0,0,0,0,0,0,0,0,0,0,0,0,0
2015,"MU",293020,144,0,0,27,117,7,10,23,16,61,104,40,4,0,2,1,1,0,0,0,0,0,2,0,0,0,0,0,0,0,0,0,0,0,0,0,0,0
2015,"MU",293030,74,0,0,6,68,4,12,24,1,27,31,43,5,0,1,1,0,0,0,0,0,0,1,0,0,0,0,0,0,0,0,0,0,0,0,0,0,0
2015,"MU",293040,136,0,0,12,124,1,17,39,10,57,83,53,5,0,3,2,1,0,0,0,0,0,3,0,0,0,0,0,0,0,0,0,0,0,0,0,0,0
2015,"MU",293050,496,0,0,57,439,21,32,134,42,210,290,206,30,0,7,3,4,0,1,2,1,0,3,0,1,1,0,0,0,0,1,1,0,0,0,1,0,0
2015,"MU",293060,83,0,0,10,73,5,9,12,4,43,48,35,3,0,1,1,0,0,0,0,0,0,1,0,0,0,0,0,0,0,0,0,0,0,0,0,0,0
2015,"MU",293070,751,0,0,158,593,43,110,180,79,181,470,281,50,0,8,5,3,0,0,1,1,0,5,0,1,0,0,0,1,0,1,1,0,0,0,1,0,0
2015,"MU",293075,50,0,0,9,41,3,6,15,2,15,31,19,2,0,1,1,0,0,0,1,0,0,0,0,0,0,0,0,0,0,0,0,0,0,0,0,0,0
2015,"MU",293076,59,0,0,10,49,0,3,23,3,20,31,28,4,0,1,1,0,0,0,0,0,0,1,0,0,0,0,0,0,0,0,0,0,0,0,0,0,0
2015,"MU",293077,128,0,0,22,106,2,13,19,13,59,78,50,4,0,2,2,0,0,0,1,0,0,1,0,0,0,0,0,0,0,0,0,0,0,0,0,0,0
2015,"MU",293080,89,0,0,19,70,5,12,22,5,26,62,27,3,0,1,0,1,0,0,0,0,0,1,0,0,0,0,0,0,0,0,0,0,0,0,0,0,0
2015,"MU",293090,59,0,0,8,51,2,7,18,8,16,32,26,6,0,0,0,0,0,0,0,0,0,0,0,0,0,0,0,0,0,0,0,0,0,0,0,0,0
2015,"MU",293100,102,0,0,12,90,6,14,24,10,36,57,45,3,0,0,0,0,0,0,0,0,0,0,0,0,0,0,0,0,0,0,0,0,0,0,0,0,0
2015,"MU",293105,102,0,0,8,94,2,20,25,11,36,55,47,3,0,0,0,0,0,1,0,0,0,0,0,1,1,0,0,0,0,1,0,0,1,0,0,0,0
2015,"MU",293110,64,0,0,7,57,1,11,12,3,30,34,30,5,0,0,0,0,0,0,0,0,0,0,0,0,0,0,0,0,0,0,0,0,0,0,0,0,0
2015,"MU",293120,78,0,0,18,60,2,9,15,3,31,57,21,4,0,1,1,0,0,0,0,0,0,1,0,0,0,0,0,0,0,0,0,0,0,0,0,0,0
2015,"MU",293130,76,0,0,6,70,6,7,21,2,34,39,37,1,0,1,0,1,0,0,0,0,0,1,0,0,0,0,0,0,0,0,0,0,0,0,0,0,0
2015,"MU",293135,878,0,0,197,681,36,120,154,70,301,539,339,57,0,4,4,0,0,0,1,0,0,3,0,0,0,0,0,0,0,0,0,0,0,0,0,0,0
2015,"MU",293140,72,0,0,10,62,2,8,29,1,22,46,26,2,0,0,0,0,0,0,0,0,0,0,0,0,0,0,0,0,0,0,0,0,0,0,0,0,0
2015,"MU",293150,116,0,0,11,105,4,10,20,6,65,68,48,5,0,0,0,0,0,0,0,0,0,0,0,0,0,0,0,0,0,0,0,0,0,0,0,0,0
2015,"MU",293160,65,0,0,12,53,0,10,21,4,18,45,20,3,0,0,0,0,0,0,0,0,0,0,0,1,0,1,0,0,0,1,1,0,0,0,1,0,0
2015,"MU",293170,94,0,0,18,76,2,9,30,13,22,55,39,12,0,1,1,0,0,0,0,0,0,1,0,0,0,0,0,0,0,0,0,0,0,0,0,0,0
2015,"MU",293180,150,0,0,14,136,8,15,44,7,62,92,58,6,0,2,2,0,0,0,0,0,0,0,0,0,0,0,0,0,0,0,0,0,0,0,0,0,0
2015,"MU",293190,326,0,0,44,282,8,29,54,25,166,182,142,21,0,2,2,0,0,1,0,0,0,2,0,1,1,0,0,0,0,1,1,0,0,0,0,0,0
2015,"MU",293200,111,0,0,12,99,5,10,21,9,54,58,53,3,0,1,1,0,0,0,1,0,0,0,0,0,0,0,0,0,0,0,0,0,0,0,0,0,0
2015,"MU",293210,115,0,0,13,102,3,8,34,12,45,70,45,2,0,1,1,0,0,0,0,0,0,1,0,1,0,0,0,1,0,1,1,0,0,0,1,0,0
2015,"MU",293220,154,0,0,34,120,5,8,28,7,72,94,60,12,0,2,2,0,0,0,0,0,0,2,0,0,0,0,0,0,0,0,0,0,0,0,0,0,0
2015,"MU",293230,154,0,0,29,125,2,11,27,5,80,91,63,11,0,0,0,0,0,0,0,0,0,0,0,0,0,0,0,0,0,0,0,0,0,0,0,0,0
2015,"MU",293240,88,0,0,13,75,4,8,35,8,20,48,40,7,0,0,0,0,0,0,0,0,0,0,0,0,0,0,0,0,0,0,0,0,0,0,0,0,0
2015,"MU",293245,43,0,0,3,40,1,2,7,0,30,31,12,0,0,1,1,0,0,0,0,0,0,1,0,0,0,0,0,0,0,0,0,0,0,0,0,0,0
2015,"MU",293250,154,0,0,22,132,9,15,42,17,49,108,46,5,0,1,0,1,0,0,0,0,0,1,0,1,0,0,0,1,0,1,1,0,0,0,0,0,0
2015,"MU",293260,89,0,0,5,84,2,14,21,18,29,50,39,3,0,0,0,0,0,0,0,0,0,0,0,1,0,0,0,0,1,0,0,0,0,0,0,0,0
2015,"MU",293270,153,0,0,18,135,7,18,37,8,65,93,60,4,0,2,2,0,0,0,0,0,0,1,0,0,0,0,0,0,0,0,0,0,0,0,0,0,0
2015,"MU",293280,113,0,0,13,100,9,13,24,5,49,64,49,7,0,1,0,1,0,0,1,0,0,0,0,0,0,0,0,0,0,0,0,0,0,0,0,0,0
2015,"MU",293290,543,0,0,100,443,22,50,104,30,237,324,219,31,0,2,1,1,0,0,0,0,0,2,0,1,0,1,0,0,0,1,1,0,0,0,1,0,0
2015,"MU",293300,139,0,0,17,122,10,16,34,17,45,76,63,3,0,3,3,0,0,0,2,0,0,1,0,0,0,0,0,0,0,0,0,0,0,0,0,0,0
2015,"MU",293305,96,0,0,14,82,1,9,13,2,57,62,34,4,0,0,0,0,0,0,0,0,0,0,0,0,0,0,0,0,0,0,0,0,0,0,0,0,0
2015,"MU",293310,59,0,0,7,52,1,6,13,1,31,34,25,3,0,1,1,0,0,0,1,0,0,0,0,0,0,0,0,0,0,0,0,0,0,0,0,0,0
2015,"MU",293315,64,0,0,8,56,1,14,17,3,21,35,29,2,0,1,1,0,0,0,0,0,0,1,0,0,0,0,0,0,0,0,0,0,0,0,0,0,0
2015,"MU",293317,62,0,0,4,58,6,12,15,2,23,37,25,4,0,1,1,0,0,0,0,0,0,0,0,0,0,0,0,0,0,0,0,0,0,0,0,0,0
2015,"MU",293320,293,0,0,49,244,18,31,80,25,90,179,114,19,0,1,1,0,0,0,0,1,0,0,0,0,0,0,0,0,0,0,0,0,0,0,0,0,0
2015,"MU",293325,45,0,0,11,34,2,4,6,3,19,28,17,5,0,0,0,0,0,0,0,0,0,0,0,0,0,0,0,0,0,0,0,0,0,0,0,0,0
2015,"MU",293330,2061,0,0,358,1703,76,301,510,149,667,1202,853,97,0,17,15,2,0,0,2,0,0,14,0,2,0,2,0,0,0,2,1,0,0,1,0,0,0
2015,"MU",293340,45,0,0,2,43,1,6,8,3,25,22,23,3,0,2,2,0,0,0,0,1,0,0,0,0,0,0,0,0,0,0,0,0,0,0,0,0,0
2015,"MU",293345,47,0,0,7,40,4,7,8,4,17,22,25,3,0,3,3,0,0,0,0,0,0,2,0,0,0,0,0,0,0,0,0,0,0,0,0,0,0
2015,"MU",293350,90,0,0,14,76,3,13,16,3,41,62,28,3,0,0,0,0,0,0,0,0,0,0,0,0,0,0,0,0,0,0,0,0,0,0,0,0,0
2015,"MU",293360,260,0,0,44,216,12,21,47,16,120,157,103,20,0,0,0,0,0,0,0,0,0,0,0,1,0,0,0,1,0,1,1,0,1,0,0,0,0
