"ANO","NIVEL","CODMUNRES","POPRE_RA","POPRE_RE"
2015,"UF",29,9631.69,8265.814
2015,"MUNICIPIO",290010,NA,NA
2015,"MUNICIPIO",290020,12.855,6.548
2015,"MUNICIPIO",290030,14.06,NA
2015,"MUNICIPIO",290035,10.107,NA
2015,"MUNICIPIO",290040,8.123,NA
2015,"MUNICIPIO",290060,2.742,NA
2015,"MUNICIPIO",290070,152.803,32.693
2015,"MUNICIPIO",290080,12.252,NA
2015,"MUNICIPIO",290090,5.925,NA
2015,"MUNICIPIO",290100,32.742,1.043
2015,"MUNICIPIO",290110,19.082,NA
2015,"MUNICIPIO",290115,13.822,NA
2015,"MUNICIPIO",290120,6.35,NA
2015,"MUNICIPIO",290130,8.58,NA
2015,"MUNICIPIO",290135,9.908,NA
2015,"MUNICIPIO",290140,6.872,NA
2015,"MUNICIPIO",290150,8.236,NA
2015,"MUNICIPIO",290160,10.872,NA
2015,"MUNICIPIO",290170,4.979,NA
2015,"MUNICIPIO",290180,9.127,NA
2015,"MUNICIPIO",290190,16.643,NA
2015,"MUNICIPIO",290195,5.008,NA
2015,"MUNICIPIO",290205,NA,NA
2015,"MUNICIPIO",290200,5.902,NA
2015,"MUNICIPIO",290210,26.781,1.035
2015,"MUNICIPIO",290220,6.256,NA
2015,"MUNICIPIO",290225,5.572,NA
2015,"MUNICIPIO",290230,5.458,NA
2015,"MUNICIPIO",290240,10.679,NA
2015,"MUNICIPIO",290250,3.918,NA
2015,"MUNICIPIO",290260,12.765,NA
2015,"MUNICIPIO",290265,5.684,NA
2015,"MUNICIPIO",290270,NA,NA
2015,"MUNICIPIO",290280,18.982,8.6
2015,"MUNICIPIO",290290,29.022,481
2015,"MUNICIPIO",290300,11.336,NA
2015,"MUNICIPIO",290310,4.145,NA
2015,"MUNICIPIO",290320,153.918,58.492
2015,"MUNICIPIO",290323,6.393,NA
2015,"MUNICIPIO",290327,11.441,NA
2015,"MUNICIPIO",290330,NA,NA
2015,"MUNICIPIO",290340,16.467,12.785
2015,"MUNICIPIO",290350,6.777,NA
2015,"MUNICIPIO",290360,7.002,NA
2015,"MUNICIPIO",290370,9.11,3.304
2015,"MUNICIPIO",290380,13.333,NA
2015,"MUNICIPIO",290390,69.526,47.204
2015,"MUNICIPIO",290395,4.34,NA
2015,"MUNICIPIO",290400,5.619,NA
2015,"MUNICIPIO",290405,6.921,NA
2015,"MUNICIPIO",290410,NA,NA
2015,"MUNICIPIO",290420,5.916,NA
2015,"MUNICIPIO",290430,13.803,15.214
2015,"MUNICIPIO",290440,2.983,NA
2015,"MUNICIPIO",290450,4.033,NA
2015,"MUNICIPIO",290460,61.083,4.402
2015,"MUNICIPIO",290470,14.829,NA
2015,"MUNICIPIO",290475,NA,NA
2015,"MUNICIPIO",290480,7.142,NA
2015,"MUNICIPIO",290485,9.126,623
2015,"MUNICIPIO",290490,24.986,14.158
2015,"MUNICIPIO",290500,19.306,NA
2015,"MUNICIPIO",290510,4.596,NA
2015,"MUNICIPIO",290515,3.94,NA
2015,"MUNICIPIO",290520,38.201,NA
2015,"MUNICIPIO",290530,12.016,NA
2015,"MUNICIPIO",290540,14.352,3.855
2015,"MUNICIPIO",290550,8.217,NA
2015,"MUNICIPIO",290560,23.551,8.938
2015,"MUNICIPIO",290570,247.609,81.561
2015,"MUNICIPIO",290580,19.832,1.819
2015,"MUNICIPIO",290590,8.65,8.65
2015,"MUNICIPIO",290600,31.833,2.961
2015,"MUNICIPIO",290610,6.441,3.502
2015,"MUNICIPIO",290620,18.827,NA
2015,"MUNICIPIO",290630,26.856,16.868
2015,"MUNICIPIO",290640,4.651,NA
2015,"MUNICIPIO",290650,79.905,33.015
2015,"MUNICIPIO",290660,10.771,NA
2015,"MUNICIPIO",290670,16.524,NA
2015,"MUNICIPIO",290680,26.65,NA
2015,"MUNICIPIO",290682,11,NA
2015,"MUNICIPIO",290685,9.161,NA
2015,"MUNICIPIO",290687,29.346,2.141
2015,"MUNICIPIO",290689,3.431,1.231
2015,"MUNICIPIO",290690,14.771,NA
2015,"MUNICIPIO",290700,6.75,NA
2015,"MUNICIPIO",290710,22.975,5.625
2015,"MUNICIPIO",290720,55,23
2015,"MUNICIPIO",290730,22.849,657
2015,"MUNICIPIO",290740,2.319,NA
2015,"MUNICIPIO",290750,53.007,NA
2015,"MUNICIPIO",290755,5.737,1.746
2015,"MUNICIPIO",290760,14.614,NA
2015,"MUNICIPIO",290770,7.452,2.739
2015,"MUNICIPIO",290780,24.355,NA
2015,"MUNICIPIO",290790,13.169,NA
2015,"MUNICIPIO",290800,17.531,NA
2015,"MUNICIPIO",290810,NA,NA
2015,"MUNICIPIO",290820,19.451,484
2015,"MUNICIPIO",290830,8.137,NA
2015,"MUNICIPIO",290840,53.481,3.609
2015,"MUNICIPIO",290850,14.366,NA
2015,"MUNICIPIO",290860,16.294,NA
2015,"MUNICIPIO",290870,9.152,NA
2015,"MUNICIPIO",290880,3.011,NA
2015,"MUNICIPIO",290890,10.209,NA
2015,"MUNICIPIO",290900,4.956,NA
2015,"MUNICIPIO",290910,14.21,NA
2015,"MUNICIPIO",290920,10.989,4.418
2015,"MUNICIPIO",290930,17.384,3.376
2015,"MUNICIPIO",290940,7.686,NA
2015,"MUNICIPIO",290950,3.279,2.595
2015,"MUNICIPIO",290960,9.306,NA
2015,"MUNICIPIO",290970,3.352,NA
2015,"MUNICIPIO",290980,57.876,9.226
2015,"MUNICIPIO",290990,30.291,10.412
2015,"MUNICIPIO",291000,5.389,NA
2015,"MUNICIPIO",291005,59.281,29.601
2015,"MUNICIPIO",291010,NA,NA
2015,"MUNICIPIO",291020,2.599,NA
2015,"MUNICIPIO",291030,3.751,NA
2015,"MUNICIPIO",291040,6.196,3.976
2015,"MUNICIPIO",291050,32.275,2.835
2015,"MUNICIPIO",290050,4.633,NA
2015,"MUNICIPIO",291060,27.761,NA
2015,"MUNICIPIO",291070,44.731,8.883
2015,"MUNICIPIO",291072,98.899,8.179
2015,"MUNICIPIO",291075,16.647,NA
2015,"MUNICIPIO",291077,NA,NA
2015,"MUNICIPIO",291080,581.908,340.893
2015,"MUNICIPIO",291085,12.141,NA
2015,"MUNICIPIO",291090,5.594,NA
2015,"MUNICIPIO",291100,8.729,NA
2015,"MUNICIPIO",291110,15.1,NA
2015,"MUNICIPIO",291120,22.646,12
2015,"MUNICIPIO",291125,3.38,2.622
2015,"MUNICIPIO",291130,3.778,2.411
2015,"MUNICIPIO",291140,11.679,3.938
2015,"MUNICIPIO",291150,4.755,NA
2015,"MUNICIPIO",291160,11.441,NA
2015,"MUNICIPIO",291165,3.289,NA
2015,"MUNICIPIO",291170,85.797,40.159
2015,"MUNICIPIO",291180,10.553,1.089
2015,"MUNICIPIO",291185,8.173,NA
2015,"MUNICIPIO",291190,26.056,NA
2015,"MUNICIPIO",291200,7.669,NA
2015,"MUNICIPIO",291210,24.029,NA
2015,"MUNICIPIO",291220,4.572,NA
2015,"MUNICIPIO",291230,11.299,NA
2015,"MUNICIPIO",291240,13.725,NA
2015,"MUNICIPIO",291250,8.256,NA
2015,"MUNICIPIO",291260,3.358,NA
2015,"MUNICIPIO",291270,11.815,NA
2015,"MUNICIPIO",291280,6.418,NA
2015,"MUNICIPIO",291290,14.789,NA
2015,"MUNICIPIO",291300,3.638,1.461
2015,"MUNICIPIO",291310,18.455,NA
2015,"MUNICIPIO",291320,24.471,17.996
2015,"MUNICIPIO",291330,5.001,NA
2015,"MUNICIPIO",291340,NA,NA
2015,"MUNICIPIO",291345,4.462,NA
2015,"MUNICIPIO",291350,15.614,1.889
2015,"MUNICIPIO",291360,157.589,88.235
2015,"MUNICIPIO",291370,23.007,NA
2015,"MUNICIPIO",291380,8.775,NA
2015,"MUNICIPIO",291390,47.501,2.645
2015,"MUNICIPIO",291400,45.194,3.426
2015,"MUNICIPIO",291410,7.688,4.413
2015,"MUNICIPIO",291420,4.283,NA
2015,"MUNICIPIO",291430,7.724,NA
2015,"MUNICIPIO",291440,8.172,NA
2015,"MUNICIPIO",291450,25.743,NA
2015,"MUNICIPIO",291460,73.38,13.801
2015,"MUNICIPIO",291465,24.79,NA
2015,"MUNICIPIO",291470,66.31,8.368
2015,"MUNICIPIO",291480,218.925,148.645
2015,"MUNICIPIO",291490,22.225,8.442
2015,"MUNICIPIO",291500,7.05,NA
2015,"MUNICIPIO",291510,11.077,NA
2015,"MUNICIPIO",291520,7.89,NA
2015,"MUNICIPIO",291530,5.597,NA
2015,"MUNICIPIO",291535,4.447,NA
2015,"MUNICIPIO",291540,5.959,3.681
2015,"MUNICIPIO",291550,21.754,20
2015,"MUNICIPIO",291560,55.469,40.219
2015,"MUNICIPIO",291570,5.403,NA
2015,"MUNICIPIO",291580,19.381,675
2015,"MUNICIPIO",291590,3.494,NA
2015,"MUNICIPIO",291600,15.159,NA
2015,"MUNICIPIO",291610,18.326,9.063
2015,"MUNICIPIO",291620,8.76,NA
2015,"MUNICIPIO",291630,8.038,NA
2015,"MUNICIPIO",291640,76.184,71.921
2015,"MUNICIPIO",291650,18.577,NA
2015,"MUNICIPIO",291660,8.378,NA
2015,"MUNICIPIO",291670,5.229,5.113
2015,"MUNICIPIO",291680,16.014,NA
2015,"MUNICIPIO",291685,14.657,NA
2015,"MUNICIPIO",291690,9.899,9.987
2015,"MUNICIPIO",291700,16.097,529
2015,"MUNICIPIO",291710,18.46,18.46
2015,"MUNICIPIO",291720,8.253,3.5
2015,"MUNICIPIO",291730,17.482,NA
2015,"MUNICIPIO",291733,6.477,NA
2015,"MUNICIPIO",291735,3.38,3.186
2015,"MUNICIPIO",291740,4.227,NA
2015,"MUNICIPIO",291750,68.244,4.189
2015,"MUNICIPIO",291760,46.893,17.691
2015,"MUNICIPIO",291770,21.244,9.329
2015,"MUNICIPIO",291780,9.665,NA
2015,"MUNICIPIO",291790,5.446,NA
2015,"MUNICIPIO",291800,161.528,141.626
2015,"MUNICIPIO",291810,22.608,NA
2015,"MUNICIPIO",291820,7.22,4.188
2015,"MUNICIPIO",291830,9.939,NA
2015,"MUNICIPIO",291835,22.003,NA
2015,"MUNICIPIO",291840,211.971,134.572
2015,"MUNICIPIO",291845,3.125,NA
2015,"MUNICIPIO",291850,15.63,NA
2015,"MUNICIPIO",291855,NA,NA
2015,"MUNICIPIO",291860,3.758,NA
2015,"MUNICIPIO",291870,2.512,NA
2015,"MUNICIPIO",291875,4.416,NA
2015,"MUNICIPIO",291880,5.226,2.939
2015,"MUNICIPIO",291890,4.022,NA
2015,"MUNICIPIO",291900,2.595,960
2015,"MUNICIPIO",291905,4.499,NA
2015,"MUNICIPIO",291910,6.109,NA
2015,"MUNICIPIO",291915,26.684,NA
2015,"MUNICIPIO",291920,191.436,81.672
2015,"MUNICIPIO",291930,8.683,5.072
2015,"MUNICIPIO",291940,5.705,NA
2015,"MUNICIPIO",291950,28.768,NA
2015,"MUNICIPIO",291955,79.162,8.242
2015,"MUNICIPIO",291960,9.759,7.242
2015,"MUNICIPIO",291970,14.847,NA
2015,"MUNICIPIO",291980,45.968,NA
2015,"MUNICIPIO",291990,4,NA
2015,"MUNICIPIO",291992,20.348,15.895
2015,"MUNICIPIO",291995,4.364,NA
2015,"MUNICIPIO",292000,7.387,NA
2015,"MUNICIPIO",292010,12.158,NA
2015,"MUNICIPIO",292020,9.673,NA
2015,"MUNICIPIO",292030,3.794,NA
2015,"MUNICIPIO",292040,6.88,NA
2015,"MUNICIPIO",292045,6.617,NA
2015,"MUNICIPIO",292050,15.05,NA
2015,"MUNICIPIO",292060,29.745,13.94
2015,"MUNICIPIO",292070,3.68,NA
2015,"MUNICIPIO",292080,7.619,NA
2015,"MUNICIPIO",292090,11.799,NA
2015,"MUNICIPIO",292100,44.943,15.911
2015,"MUNICIPIO",292105,4.93,NA
2015,"MUNICIPIO",292110,18.766,NA
2015,"MUNICIPIO",292120,20.084,4.682
2015,"MUNICIPIO",292130,10.169,NA
2015,"MUNICIPIO",292140,3.279,NA
2015,"MUNICIPIO",292145,2.739,NA
2015,"MUNICIPIO",292150,18.979,NA
2015,"MUNICIPIO",292160,6.239,NA
2015,"MUNICIPIO",292170,23.383,14.088
2015,"MUNICIPIO",292180,7.169,NA
2015,"MUNICIPIO",292190,10.244,6.231
2015,"MUNICIPIO",292200,21.337,10.6
2015,"MUNICIPIO",292205,7.095,NA
2015,"MUNICIPIO",292210,17.951,NA
2015,"MUNICIPIO",292220,3.773,NA
2015,"MUNICIPIO",292225,2.648,1.342
2015,"MUNICIPIO",292230,24.552,8.912
2015,"MUNICIPIO",292240,11.621,9.229
2015,"MUNICIPIO",292250,24.777,24.651
2015,"MUNICIPIO",292260,3.574,NA
2015,"MUNICIPIO",292265,9.378,NA
2015,"MUNICIPIO",292270,7.451,NA
2015,"MUNICIPIO",292273,8.125,NA
2015,"MUNICIPIO",292275,2.933,NA
2015,"MUNICIPIO",292280,4.449,NA
2015,"MUNICIPIO",292285,6.497,NA
2015,"MUNICIPIO",292290,13.981,NA
2015,"MUNICIPIO",292300,29.482,1.833
2015,"MUNICIPIO",292303,221,NA
2015,"MUNICIPIO",292305,7.487,NA
2015,"MUNICIPIO",292310,14.838,10
2015,"MUNICIPIO",292320,6.858,NA
2015,"MUNICIPIO",292330,6.214,1
2015,"MUNICIPIO",292335,7.76,NA
2015,"MUNICIPIO",292340,10.935,NA
2015,"MUNICIPIO",292350,5.213,3.216
2015,"MUNICIPIO",292360,22.077,NA
2015,"MUNICIPIO",292370,NA,NA
2015,"MUNICIPIO",292380,20.061,NA
2015,"MUNICIPIO",292390,8.321,NA
2015,"MUNICIPIO",292400,104.423,33.848
2015,"MUNICIPIO",292405,8.829,NA
2015,"MUNICIPIO",292410,2.694,NA
2015,"MUNICIPIO",292420,5.697,NA
2015,"MUNICIPIO",292430,NA,NA
2015,"MUNICIPIO",292440,NA,NA
2015,"MUNICIPIO",292450,4.41,NA
2015,"MUNICIPIO",292460,NA,NA
2015,"MUNICIPIO",292465,6.832,5.25
2015,"MUNICIPIO",292467,3.763,NA
2015,"MUNICIPIO",292470,6.262,NA
2015,"MUNICIPIO",292480,18.142,NA
2015,"MUNICIPIO",292490,4.244,NA
2015,"MUNICIPIO",292500,18.837,NA
2015,"MUNICIPIO",292510,41.921,NA
2015,"MUNICIPIO",292520,29.941,28.456
2015,"MUNICIPIO",292525,16.044,NA
2015,"MUNICIPIO",292530,112.615,94.881
2015,"MUNICIPIO",292540,7.723,NA
2015,"MUNICIPIO",292550,19.012,NA
2015,"MUNICIPIO",292560,14.712,NA
2015,"MUNICIPIO",292570,5.819,9
2015,"MUNICIPIO",292575,14.901,NA
2015,"MUNICIPIO",292580,15.568,NA
2015,"MUNICIPIO",292590,18.894,NA
2015,"MUNICIPIO",292593,8.461,NA
2015,"MUNICIPIO",292595,11.277,NA
2015,"MUNICIPIO",292600,18.752,12.225
2015,"MUNICIPIO",292610,10.117,NA
2015,"MUNICIPIO",292620,8.116,NA
2015,"MUNICIPIO",292630,29.278,613
2015,"MUNICIPIO",292640,NA,NA
2015,"MUNICIPIO",292650,1.741,NA
2015,"MUNICIPIO",292660,38.973,9.455
2015,"MUNICIPIO",292665,407,NA
2015,"MUNICIPIO",292670,7.062,3.32
2015,"MUNICIPIO",292680,11.876,NA
2015,"MUNICIPIO",292690,6.385,NA
2015,"MUNICIPIO",292700,30.534,NA
2015,"MUNICIPIO",292710,7.912,7.912
2015,"MUNICIPIO",292720,24.937,1.665
2015,"MUNICIPIO",292730,15.385,NA
2015,"MUNICIPIO",292740,NA,NA
2015,"MUNICIPIO",292750,13.243,7
2015,"MUNICIPIO",292760,9.69,4.318
2015,"MUNICIPIO",292770,17.877,11.249
2015,"MUNICIPIO",292780,5.845,NA
2015,"MUNICIPIO",292790,9.225,6.05
2015,"MUNICIPIO",292800,29.744,NA
2015,"MUNICIPIO",292805,7.739,NA
2015,"MUNICIPIO",292810,29.749,6.604
2015,"MUNICIPIO",292820,19.658,NA
2015,"MUNICIPIO",292830,4.791,NA
2015,"MUNICIPIO",292840,16.265,3.36
2015,"MUNICIPIO",292850,7.706,2.2
2015,"MUNICIPIO",292860,52.793,24.405
2015,"MUNICIPIO",292870,98.695,17.411
2015,"MUNICIPIO",292880,41.856,440
2015,"MUNICIPIO",292890,10.899,NA
2015,"MUNICIPIO",292895,8.977,NA
2015,"MUNICIPIO",292910,10.156,NA
2015,"MUNICIPIO",292900,9.489,8.659
2015,"MUNICIPIO",292905,12.696,NA
2015,"MUNICIPIO",292920,39.329,14.044
2015,"MUNICIPIO",292925,18.441,NA
2015,"MUNICIPIO",292930,27.956,2.852
2015,"MUNICIPIO",292935,5.457,NA
2015,"MUNICIPIO",292937,8.771,NA
2015,"MUNICIPIO",292940,4.18,3.875
2015,"MUNICIPIO",292950,31.196,1.508
2015,"MUNICIPIO",292960,10.998,NA
2015,"MUNICIPIO",292970,8.199,NA
2015,"MUNICIPIO",292975,12.238,NA
2015,"MUNICIPIO",292980,8.523,NA
2015,"MUNICIPIO",292990,25.221,NA
2015,"MUNICIPIO",293000,10.74,NA
2015,"MUNICIPIO",293010,79.416,44.427
2015,"MUNICIPIO",293020,NA,NA
2015,"MUNICIPIO",293015,NA,NA
2015,"MUNICIPIO",293030,11.274,NA
2015,"MUNICIPIO",293040,9.005,NA
2015,"MUNICIPIO",293050,76.904,7.502
2015,"MUNICIPIO",293060,13.373,NA
2015,"MUNICIPIO",293070,101.761,40.395
2015,"MUNICIPIO",293075,NA,NA
2015,"MUNICIPIO",293076,8.079,NA
2015,"MUNICIPIO",293077,23.583,17.25
2015,"MUNICIPIO",293080,7.749,NA
2015,"MUNICIPIO",293090,11.763,NA
2015,"MUNICIPIO",293100,11.642,NA
2015,"MUNICIPIO",293105,11.281,NA
2015,"MUNICIPIO",293110,7.22,NA
2015,"MUNICIPIO",293120,10.496,7.049
2015,"MUNICIPIO",293130,13.365,7
2015,"MUNICIPIO",293135,121.821,32.779
2015,"MUNICIPIO",293140,6.915,NA
2015,"MUNICIPIO",293150,19.836,2.4
2015,"MUNICIPIO",293160,6.741,NA
2015,"MUNICIPIO",293170,8.814,NA
2015,"MUNICIPIO",293180,4.894,NA
2015,"MUNICIPIO",293190,28.873,11.234
2015,"MUNICIPIO",293200,15.999,NA
2015,"MUNICIPIO",293210,9.971,5.359
2015,"MUNICIPIO",293220,17.803,NA
2015,"MUNICIPIO",293230,21.064,NA
2015,"MUNICIPIO",293240,14.483,NA
2015,"MUNICIPIO",293245,9.656,NA
2015,"MUNICIPIO",293250,13.72,1.669
2015,"MUNICIPIO",293260,NA,NA
2015,"MUNICIPIO",293270,17.414,2.631
2015,"MUNICIPIO",293280,14.085,NA
2015,"MUNICIPIO",293290,83.682,71.032
2015,"MUNICIPIO",293300,23.287,NA
2015,"MUNICIPIO",293305,12.471,NA
2015,"MUNICIPIO",293310,7.435,NA
2015,"MUNICIPIO",293315,11.878,8.76
2015,"MUNICIPIO",293317,3.799,NA
2015,"MUNICIPIO",293320,42.65,5.335
2015,"MUNICIPIO",293325,3.357,NA
2015,"MUNICIPIO",293330,343.23,277.103
2015,"MUNICIPIO",293340,7.266,NA
2015,"MUNICIPIO",293345,8.338,NA
2015,"MUNICIPIO",293350,9.076,NA
2015,"MUNICIPIO",293360,45.562,6.248
